,SecuCode,FirstIndustryCode
0,000059,10
1,000096,10
2,000159,10
3,000554,10
4,000637,10
5,000698,10
6,000703,10
7,000819,10
8,000968,10
9,000985,10
10,002172,10
11,002206,10
12,002221,10
13,002254,10
14,002377,10
15,002408,10
16,002476,10
17,002493,10
18,002524,10
19,002648,10
20,002778,10
21,002828,10
22,300135,10
23,300384,10
24,600028,10
25,600256,10
26,600339,10
27,600346,10
28,600378,10
29,600387,10
30,600583,10
31,600688,10
32,600759,10
33,600777,10
34,600871,10
35,601113,10
36,601233,10
37,601808,10
38,601857,10
39,603026,10
40,603619,10
41,603727,10
42,603798,10
43,603800,10
44,000552,11
45,000723,11
46,000780,11
47,000937,11
48,000983,11
49,002128,11
50,002753,11
51,600121,11
52,600123,11
53,600157,11
54,600188,11
55,600348,11
56,600395,11
57,600397,11
58,600403,11
59,600408,11
60,600508,11
61,600546,11
62,600714,11
63,600725,11
64,600740,11
65,600758,11
66,600792,11
67,600971,11
68,600997,11
69,601001,11
70,601011,11
71,601015,11
72,601088,11
73,601101,11
74,601225,11
75,601666,11
76,601699,11
77,601898,11
78,601918,11
79,603113,11
80,000060,12
81,000426,12
82,000603,12
83,000612,12
84,000630,12
85,000633,12
86,000657,12
87,000688,12
88,000693,12
89,000697,12
90,000751,12
91,000758,12
92,000762,12
93,000807,12
94,000831,12
95,000878,12
96,000933,12
97,000960,12
98,000962,12
99,000969,12
100,000975,12
101,002070,12
102,002082,12
103,002114,12
104,002149,12
105,002155,12
106,002160,12
107,002167,12
108,002171,12
109,002182,12
110,002203,12
111,002237,12
112,002295,12
113,002378,12
114,002379,12
115,002428,12
116,002460,12
117,002466,12
118,002501,12
119,002540,12
120,002578,12
121,002716,12
122,002738,12
123,002806,12
124,002824,12
125,002842,12
126,300328,12
127,300337,12
128,300428,12
129,300618,12
130,300697,12
131,600111,12
132,600139,12
133,600219,12
134,600255,12
135,600259,12
136,600311,12
137,600330,12
138,600331,12
139,600338,12
140,600362,12
141,600366,12
142,600385,12
143,600390,12
144,600392,12
145,600432,12
146,600456,12
147,600459,12
148,600489,12
149,600490,12
150,600497,12
151,600531,12
152,600547,12
153,600549,12
154,600595,12
155,600614,12
156,600615,12
157,600673,12
158,600687,12
159,600711,12
160,600766,12
161,600768,12
162,600888,12
163,600961,12
164,600980,12
165,600988,12
166,601020,12
167,601069,12
168,601137,12
169,601168,12
170,601212,12
171,601388,12
172,601600,12
173,601677,12
174,601899,12
175,601958,12
176,603260,12
177,603399,12
178,603527,12
179,603612,12
180,603663,12
181,603799,12
182,603937,12
183,603978,12
184,603979,12
185,603993,12
186,000005,20
187,000027,20
188,000035,20
189,000037,20
190,000040,20
191,000068,20
192,000301,20
193,000407,20
194,000421,20
195,000531,20
196,000539,20
197,000543,20
198,000544,20
199,000591,20
200,000593,20
201,000598,20
202,000600,20
203,000601,20
204,000602,20
205,000605,20
206,000669,20
207,000685,20
208,000690,20
209,000692,20
210,000695,20
211,000711,20
212,000720,20
213,000722,20
214,000767,20
215,000791,20
216,000820,20
217,000826,20
218,000875,20
219,000883,20
220,000899,20
221,000920,20
222,000939,20
223,000958,20
224,000966,20
225,000967,20
226,000993,20
227,001896,20
228,002034,20
229,002039,20
230,002267,20
231,002340,20
232,002479,20
233,002499,20
234,002573,20
235,002616,20
236,002630,20
237,002658,20
238,002672,20
239,002700,20
240,002893,20
241,002911,20
242,300012,20
243,300055,20
244,300056,20
245,300070,20
246,300090,20
247,300137,20
248,300156,20
249,300172,20
250,300187,20
251,300190,20
252,300203,20
253,300262,20
254,300266,20
255,300332,20
256,300334,20
257,300335,20
258,300362,20
259,300385,20
260,300388,20
261,300422,20
262,300425,20
263,300569,20
264,300631,20
265,300664,20
266,300692,20
267,600008,20
268,600011,20
269,600021,20
270,600023,20
271,600025,20
272,600027,20
273,600098,20
274,600101,20
275,600116,20
276,600131,20
277,600167,20
278,600168,20
279,600187,20
280,600217,20
281,600236,20
282,600283,20
283,600292,20
284,600310,20
285,600323,20
286,600333,20
287,600388,20
288,600396,20
289,600452,20
290,600461,20
291,600483,20
292,600499,20
293,600505,20
294,600509,20
295,600526,20
296,600578,20
297,600617,20
298,600635,20
299,600642,20
300,600644,20
301,600674,20
302,600681,20
303,600719,20
304,600726,20
305,600744,20
306,600769,20
307,600780,20
308,600795,20
309,600856,20
310,600863,20
311,600864,20
312,600868,20
313,600874,20
314,600886,20
315,600900,20
316,600903,20
317,600917,20
318,600969,20
319,600979,20
320,600982,20
321,600995,20
322,601016,20
323,601139,20
324,601158,20
325,601199,20
326,601200,20
327,601368,20
328,601619,20
329,601985,20
330,601991,20
331,603080,20
332,603126,20
333,603165,20
334,603177,20
335,603200,20
336,603393,20
337,603568,20
338,603588,20
339,603603,20
340,603686,20
341,603689,20
342,603797,20
343,603817,20
344,603903,20
345,000629,21
346,000655,21
347,000708,21
348,000709,21
349,000717,21
350,000761,21
351,000778,21
352,000825,21
353,000898,21
354,000906,21
355,000932,21
356,000959,21
357,002057,21
358,002075,21
359,002110,21
360,002297,21
361,002318,21
362,002423,21
363,002443,21
364,002478,21
365,002652,21
366,002756,21
367,600005,21
368,600010,21
369,600019,21
370,600022,21
371,600058,21
372,600102,21
373,600117,21
374,600126,21
375,600193,21
376,600231,21
377,600282,21
378,600295,21
379,600307,21
380,600507,21
381,600532,21
382,600569,21
383,600581,21
384,600608,21
385,600782,21
386,600808,21
387,600882,21
388,601003,21
389,601005,21
390,601028,21
391,601969,21
392,603028,21
393,603878,21
394,603969,21
395,000155,22
396,000408,22
397,000420,22
398,000422,22
399,000510,22
400,000523,22
401,000525,22
402,000545,22
403,000553,22
404,000565,22
405,000584,22
406,000635,22
407,000677,22
408,000683,22
409,000687,22
410,000707,22
411,000731,22
412,000737,22
413,000755,22
414,000782,22
415,000792,22
416,000818,22
417,000822,22
418,000830,22
419,000859,22
420,000902,22
421,000912,22
422,000936,22
423,000949,22
424,000950,22
425,000953,22
426,000973,22
427,000990,22
428,002002,22
429,002004,22
430,002010,22
431,002015,22
432,002037,22
433,002053,22
434,002054,22
435,002061,22
436,002064,22
437,002068,22
438,002092,22
439,002094,22
440,002096,22
441,002108,22
442,002109,22
443,002125,22
444,002136,22
445,002145,22
446,002165,22
447,002170,22
448,002211,22
449,002215,22
450,002224,22
451,002226,22
452,002246,22
453,002250,22
454,002256,22
455,002258,22
456,002263,22
457,002274,22
458,002319,22
459,002324,22
460,002326,22
461,002360,22
462,002361,22
463,002381,22
464,002382,22
465,002386,22
466,002391,22
467,002395,22
468,002407,22
469,002409,22
470,002411,22
471,002427,22
472,002440,22
473,002442,22
474,002450,22
475,002453,22
476,002455,22
477,002464,22
478,002470,22
479,002496,22
480,002497,22
481,002513,22
482,002522,22
483,002538,22
484,002539,22
485,002549,22
486,002556,22
487,002562,22
488,002581,22
489,002584,22
490,002585,22
491,002588,22
492,002591,22
493,002597,22
494,002601,22
495,002632,22
496,002637,22
497,002643,22
498,002666,22
499,002669,22
500,002683,22
501,002694,22
502,002709,22
503,002734,22
504,002748,22
505,002749,22
506,002768,22
507,002783,22
508,002802,22
509,002805,22
510,002809,22
511,002810,22
512,002827,22
513,002838,22
514,002855,22
515,002886,22
516,002895,22
517,002909,22
518,002915,22
519,002917,22
520,002919,22
521,300019,22
522,300037,22
523,300041,22
524,300054,22
525,300067,22
526,300072,22
527,300073,22
528,300082,22
529,300107,22
530,300108,22
531,300121,22
532,300132,22
533,300169,22
534,300174,22
535,300180,22
536,300192,22
537,300200,22
538,300214,22
539,300218,22
540,300221,22
541,300225,22
542,300230,22
543,300236,22
544,300243,22
545,300261,22
546,300285,22
547,300305,22
548,300320,22
549,300321,22
550,300325,22
551,300340,22
552,300343,22
553,300387,22
554,300398,22
555,300405,22
556,300429,22
557,300437,22
558,300459,22
559,300478,22
560,300481,22
561,300487,22
562,300505,22
563,300522,22
564,300530,22
565,300535,22
566,300537,22
567,300538,22
568,300539,22
569,300547,22
570,300568,22
571,300575,22
572,300576,22
573,300586,22
574,300587,22
575,300596,22
576,300599,22
577,300610,22
578,300641,22
579,300655,22
580,300665,22
581,300684,22
582,300690,22
583,300699,22
584,300716,22
585,300717,22
586,300721,22
587,300727,22
588,300740,22
589,600063,22
590,600074,22
591,600075,22
592,600078,22
593,600091,22
594,600096,22
595,600135,22
596,600141,22
597,600143,22
598,600155,22
599,600160,22
600,600226,22
601,600227,22
602,600228,22
603,600230,22
604,600249,22
605,600273,22
606,600277,22
607,600281,22
608,600299,22
609,600301,22
610,600309,22
611,600315,22
612,600319,22
613,600328,22
614,600352,22
615,600367,22
616,600389,22
617,600409,22
618,600423,22
619,600426,22
620,600444,22
621,600470,22
622,600486,22
623,600500,22
624,600538,22
625,600589,22
626,600596,22
627,600618,22
628,600636,22
629,600691,22
630,600722,22
631,600727,22
632,600731,22
633,600746,22
634,600796,22
635,600803,22
636,600810,22
637,600844,22
638,600889,22
639,600985,22
640,601163,22
641,601208,22
642,601216,22
643,601500,22
644,601678,22
645,601966,22
646,603002,22
647,603010,22
648,603033,22
649,603041,22
650,603067,22
651,603077,22
652,603078,22
653,603086,22
654,603110,22
655,603133,22
656,603181,22
657,603188,22
658,603225,22
659,603227,22
660,603266,22
661,603299,22
662,603330,22
663,603360,22
664,603378,22
665,603519,22
666,603580,22
667,603585,22
668,603599,22
669,603601,22
670,603605,22
671,603615,22
672,603630,22
673,603639,22
674,603683,22
675,603722,22
676,603737,22
677,603822,22
678,603823,22
679,603879,22
680,603906,22
681,603916,22
682,603928,22
683,603938,22
684,603968,22
685,603970,22
686,603977,22
687,603980,22
688,603991,22
689,000010,23
690,000018,23
691,000065,23
692,000090,23
693,000498,23
694,000628,23
695,000928,23
696,002047,23
697,002051,23
698,002060,23
699,002062,23
700,002081,23
701,002116,23
702,002135,23
703,002140,23
704,002178,23
705,002307,23
706,002310,23
707,002314,23
708,002325,23
709,002375,23
710,002398,23
711,002421,23
712,002431,23
713,002469,23
714,002482,23
715,002541,23
716,002542,23
717,002545,23
718,002586,23
719,002620,23
720,002628,23
721,002659,23
722,002663,23
723,002713,23
724,002717,23
725,002755,23
726,002775,23
727,002781,23
728,002789,23
729,002791,23
730,002811,23
731,002822,23
732,002830,23
733,002856,23
734,002883,23
735,002887,23
736,300044,23
737,300117,23
738,300197,23
739,300284,23
740,300300,23
741,300355,23
742,300483,23
743,300495,23
744,300500,23
745,300506,23
746,300517,23
747,300536,23
748,300592,23
749,300621,23
750,300649,23
751,300668,23
752,300712,23
753,600039,23
754,600068,23
755,600083,23
756,600170,23
757,600209,23
758,600248,23
759,600263,23
760,600284,23
761,600326,23
762,600477,23
763,600491,23
764,600496,23
765,600502,23
766,600512,23
767,600528,23
768,600545,23
769,600590,23
770,600610,23
771,600820,23
772,600846,23
773,600853,23
774,600939,23
775,600970,23
776,601117,23
777,601186,23
778,601226,23
779,601390,23
780,601611,23
781,601618,23
782,601668,23
783,601669,23
784,601789,23
785,601800,23
786,601886,23
787,603007,23
788,603017,23
789,603018,23
790,603030,23
791,603081,23
792,603098,23
793,603300,23
794,603316,23
795,603359,23
796,603388,23
797,603458,23
798,603466,23
799,603637,23
800,603717,23
801,603828,23
802,603843,23
803,603860,23
804,603887,23
805,603909,23
806,603929,23
807,603959,23
808,000012,24
809,000023,24
810,000055,24
811,000401,24
812,000509,24
813,000511,24
814,000546,24
815,000619,24
816,000672,24
817,000786,24
818,000789,24
819,000795,24
820,000877,24
821,000885,24
822,000935,24
823,002043,24
824,002066,24
825,002080,24
826,002088,24
827,002102,24
828,002162,24
829,002163,24
830,002192,24
831,002201,24
832,002205,24
833,002225,24
834,002233,24
835,002271,24
836,002302,24
837,002333,24
838,002346,24
839,002372,24
840,002392,24
841,002457,24
842,002596,24
843,002613,24
844,002619,24
845,002623,24
846,002641,24
847,002671,24
848,002718,24
849,002742,24
850,002785,24
851,002798,24
852,002918,24
853,300021,24
854,300064,24
855,300093,24
856,300160,24
857,300163,24
858,300179,24
859,300196,24
860,300198,24
861,300234,24
862,300344,24
863,300345,24
864,300374,24
865,300409,24
866,300706,24
867,300715,24
868,300737,24
869,600172,24
870,600176,24
871,600293,24
872,600321,24
873,600425,24
874,600449,24
875,600516,24
876,600539,24
877,600552,24
878,600585,24
879,600586,24
880,600629,24
881,600678,24
882,600720,24
883,600753,24
884,600783,24
885,600801,24
886,600802,24
887,600819,24
888,600876,24
889,600881,24
890,600883,24
891,601636,24
892,603038,24
893,603268,24
894,603385,24
895,603505,24
896,603616,24
897,603725,24
898,603826,24
899,603838,24
900,000488,25
901,000576,25
902,000659,25
903,000815,25
904,000833,25
905,000910,25
906,002012,25
907,002014,25
908,002067,25
909,002078,25
910,002084,25
911,002117,25
912,002191,25
913,002228,25
914,002229,25
915,002235,25
916,002243,25
917,002301,25
918,002303,25
919,002348,25
920,002374,25
921,002489,25
922,002511,25
923,002521,25
924,002565,25
925,002571,25
926,002572,25
927,002575,25
928,002605,25
929,002678,25
930,002701,25
931,002735,25
932,002751,25
933,002752,25
934,002799,25
935,002803,25
936,002812,25
937,002825,25
938,002831,25
939,002836,25
940,002846,25
941,002853,25
942,002859,25
943,002862,25
944,002899,25
945,300043,25
946,300057,25
947,300061,25
948,300089,25
949,300329,25
950,300403,25
951,300501,25
952,300606,25
953,300616,25
954,300640,25
955,300651,25
956,300658,25
957,300701,25
958,300703,25
959,300729,25
960,600069,25
961,600076,25
962,600103,25
963,600210,25
964,600235,25
965,600308,25
966,600337,25
967,600356,25
968,600433,25
969,600567,25
970,600679,25
971,600793,25
972,600800,25
973,600836,25
974,600963,25
975,600966,25
976,601515,25
977,601968,25
978,603008,25
979,603021,25
980,603022,25
981,603058,25
982,603059,25
983,603180,25
984,603208,25
985,603226,25
986,603313,25
987,603326,25
988,603389,25
989,603398,25
990,603429,25
991,603499,25
992,603600,25
993,603607,25
994,603661,25
995,603709,25
996,603801,25
997,603816,25
998,603833,25
999,603848,25
1000,603898,25
1001,603899,25
1002,603976,25
1003,000008,26
1004,000017,26
1005,000039,26
1006,000157,26
1007,000410,26
1008,000425,26
1009,000528,26
1010,000530,26
1011,000570,26
1012,000595,26
1013,000680,26
1014,000777,26
1015,000811,26
1016,000816,26
1017,000821,26
1018,000837,26
1019,000852,26
1020,000856,26
1021,000880,26
1022,000890,26
1023,000923,26
1024,000925,26
1025,000976,26
1026,001696,26
1027,002006,26
1028,002009,26
1029,002011,26
1030,002021,26
1031,002023,26
1032,002026,26
1033,002046,26
1034,002058,26
1035,002073,26
1036,002097,26
1037,002101,26
1038,002105,26
1039,002122,26
1040,002132,26
1041,002150,26
1042,002158,26
1043,002164,26
1044,002176,26
1045,002184,26
1046,002196,26
1047,002204,26
1048,002207,26
1049,002209,26
1050,002248,26
1051,002249,26
1052,002255,26
1053,002270,26
1054,002272,26
1055,002278,26
1056,002282,26
1057,002337,26
1058,002342,26
1059,002347,26
1060,002353,26
1061,002366,26
1062,002367,26
1063,002384,26
1064,002406,26
1065,002426,26
1066,002430,26
1067,002435,26
1068,002438,26
1069,002444,26
1070,002459,26
1071,002472,26
1072,002480,26
1073,002483,26
1074,002490,26
1075,002509,26
1076,002514,26
1077,002523,26
1078,002526,26
1079,002529,26
1080,002532,26
1081,002534,26
1082,002535,26
1083,002552,26
1084,002554,26
1085,002559,26
1086,002564,26
1087,002595,26
1088,002598,26
1089,002608,26
1090,002611,26
1091,002621,26
1092,002629,26
1093,002633,26
1094,002639,26
1095,002645,26
1096,002651,26
1097,002685,26
1098,002686,26
1099,002689,26
1100,002690,26
1101,002691,26
1102,002698,26
1103,002722,26
1104,002743,26
1105,002747,26
1106,002757,26
1107,002760,26
1108,002767,26
1109,002774,26
1110,002779,26
1111,002786,26
1112,002787,26
1113,002793,26
1114,002795,26
1115,002796,26
1116,002801,26
1117,002816,26
1118,002819,26
1119,002823,26
1120,002833,26
1121,002837,26
1122,002843,26
1123,002849,26
1124,002850,26
1125,002857,26
1126,002870,26
1127,002871,26
1128,002877,26
1129,002884,26
1130,002890,26
1131,002896,26
1132,002903,26
1133,002931,26
1134,300004,26
1135,300008,26
1136,300011,26
1137,300022,26
1138,300024,26
1139,300029,26
1140,300035,26
1141,300066,26
1142,300084,26
1143,300092,26
1144,300095,26
1145,300097,26
1146,300099,26
1147,300103,26
1148,300105,26
1149,300112,26
1150,300116,26
1151,300123,26
1152,300124,26
1153,300126,26
1154,300145,26
1155,300151,26
1156,300154,26
1157,300159,26
1158,300161,26
1159,300164,26
1160,300165,26
1161,300171,26
1162,300173,26
1163,300193,26
1164,300195,26
1165,300210,26
1166,300216,26
1167,300228,26
1168,300257,26
1169,300259,26
1170,300260,26
1171,300263,26
1172,300276,26
1173,300278,26
1174,300281,26
1175,300293,26
1176,300306,26
1177,300307,26
1178,300308,26
1179,300309,26
1180,300316,26
1181,300349,26
1182,300351,26
1183,300354,26
1184,300368,26
1185,300370,26
1186,300371,26
1187,300382,26
1188,300391,26
1189,300400,26
1190,300402,26
1191,300410,26
1192,300411,26
1193,300415,26
1194,300416,26
1195,300417,26
1196,300420,26
1197,300421,26
1198,300424,26
1199,300430,26
1200,300434,26
1201,300435,26
1202,300441,26
1203,300442,26
1204,300445,26
1205,300450,26
1206,300456,26
1207,300457,26
1208,300461,26
1209,300464,26
1210,300466,26
1211,300470,26
1212,300471,26
1213,300472,26
1214,300480,26
1215,300486,26
1216,300488,26
1217,300489,26
1218,300499,26
1219,300503,26
1220,300509,26
1221,300512,26
1222,300514,26
1223,300521,26
1224,300540,26
1225,300549,26
1226,300551,26
1227,300553,26
1228,300554,26
1229,300557,26
1230,300567,26
1231,300572,26
1232,300589,26
1233,300600,26
1234,300607,26
1235,300619,26
1236,300629,26
1237,300648,26
1238,300669,26
1239,300700,26
1240,300718,26
1241,300720,26
1242,600031,26
1243,600072,26
1244,600114,26
1245,600145,26
1246,600150,26
1247,600165,26
1248,600169,26
1249,600243,26
1250,600262,26
1251,600302,26
1252,600320,26
1253,600421,26
1254,600458,26
1255,600481,26
1256,600495,26
1257,600520,26
1258,600558,26
1259,600560,26
1260,600582,26
1261,600592,26
1262,600666,26
1263,600710,26
1264,600761,26
1265,600806,26
1266,600815,26
1267,600835,26
1268,600843,26
1269,600860,26
1270,600894,26
1271,600967,26
1272,600984,26
1273,600992,26
1274,601002,26
1275,601038,26
1276,601100,26
1277,601106,26
1278,601177,26
1279,601268,26
1280,601299,26
1281,601369,26
1282,601608,26
1283,601717,26
1284,601766,26
1285,601798,26
1286,601882,26
1287,601890,26
1288,603011,26
1289,603012,26
1290,603015,26
1291,603029,26
1292,603036,26
1293,603076,26
1294,603085,26
1295,603088,26
1296,603090,26
1297,603100,26
1298,603111,26
1299,603131,26
1300,603159,26
1301,603169,26
1302,603203,26
1303,603269,26
1304,603277,26
1305,603278,26
1306,603283,26
1307,603289,26
1308,603298,26
1309,603308,26
1310,603315,26
1311,603318,26
1312,603319,26
1313,603321,26
1314,603331,26
1315,603337,26
1316,603338,26
1317,603339,26
1318,603356,26
1319,603416,26
1320,603488,26
1321,603500,26
1322,603507,26
1323,603556,26
1324,603617,26
1325,603626,26
1326,603638,26
1327,603656,26
1328,603667,26
1329,603690,26
1330,603698,26
1331,603699,26
1332,603726,26
1333,603757,26
1334,603789,26
1335,603819,26
1336,603855,26
1337,603856,26
1338,603901,26
1339,603912,26
1340,603960,26
1341,603966,26
1342,603985,26
1343,000400,27
1344,000551,27
1345,000585,27
1346,000682,27
1347,000806,27
1348,000862,27
1349,000922,27
1350,002028,27
1351,002074,27
1352,002112,27
1353,002121,27
1354,002129,27
1355,002168,27
1356,002169,27
1357,002202,27
1358,002212,27
1359,002218,27
1360,002227,27
1361,002266,27
1362,002276,27
1363,002298,27
1364,002300,27
1365,002322,27
1366,002323,27
1367,002334,27
1368,002339,27
1369,002350,27
1370,002356,27
1371,002358,27
1372,002364,27
1373,002441,27
1374,002451,27
1375,002452,27
1376,002471,27
1377,002487,27
1378,002498,27
1379,002506,27
1380,002531,27
1381,002533,27
1382,002560,27
1383,002576,27
1384,002580,27
1385,002606,27
1386,002610,27
1387,002617,27
1388,002622,27
1389,002665,27
1390,002692,27
1391,002706,27
1392,002729,27
1393,002730,27
1394,002851,27
1395,002879,27
1396,002882,27
1397,002885,27
1398,002892,27
1399,002927,27
1400,300001,27
1401,300018,27
1402,300040,27
1403,300048,27
1404,300062,27
1405,300068,27
1406,300069,27
1407,300080,27
1408,300091,27
1409,300111,27
1410,300118,27
1411,300120,27
1412,300125,27
1413,300129,27
1414,300140,27
1415,300141,27
1416,300152,27
1417,300153,27
1418,300185,27
1419,300208,27
1420,300215,27
1421,300222,27
1422,300265,27
1423,300274,27
1424,300283,27
1425,300286,27
1426,300341,27
1427,300372,27
1428,300376,27
1429,300393,27
1430,300407,27
1431,300423,27
1432,300427,27
1433,300443,27
1434,300444,27
1435,300477,27
1436,300484,27
1437,300490,27
1438,300510,27
1439,300617,27
1440,300626,27
1441,300670,27
1442,300693,27
1443,300713,27
1444,600089,27
1445,600112,27
1446,600151,27
1447,600163,27
1448,600192,27
1449,600202,27
1450,600268,27
1451,600290,27
1452,600312,27
1453,600379,27
1454,600406,27
1455,600416,27
1456,600468,27
1457,600475,27
1458,600517,27
1459,600537,27
1460,600550,27
1461,600577,27
1462,600580,27
1463,600847,27
1464,600869,27
1465,600875,27
1466,600885,27
1467,600973,27
1468,601012,27
1469,601126,27
1470,601179,27
1471,601218,27
1472,601222,27
1473,601558,27
1474,601567,27
1475,601616,27
1476,601700,27
1477,601727,27
1478,601877,27
1479,601908,27
1480,603016,27
1481,603050,27
1482,603063,27
1483,603218,27
1484,603320,27
1485,603333,27
1486,603396,27
1487,603577,27
1488,603606,27
1489,603618,27
1490,603628,27
1491,603728,27
1492,603806,27
1493,603829,27
1494,603861,27
1495,603988,27
1496,000519,28
1497,000547,28
1498,000561,28
1499,000738,28
1500,000768,28
1501,000901,28
1502,002013,28
1503,002025,28
1504,002111,28
1505,002151,28
1506,002179,28
1507,002190,28
1508,002214,28
1509,002338,28
1510,002414,28
1511,002465,28
1512,002519,28
1513,002520,28
1514,300034,28
1515,300045,28
1516,300065,28
1517,300101,28
1518,300114,28
1519,300252,28
1520,300397,28
1521,300447,28
1522,300474,28
1523,300527,28
1524,300581,28
1525,300696,28
1526,300719,28
1527,300722,28
1528,600038,28
1529,600118,28
1530,600184,28
1531,600316,28
1532,600343,28
1533,600372,28
1534,600391,28
1535,600399,28
1536,600435,28
1537,600501,28
1538,600562,28
1539,600677,28
1540,600685,28
1541,600760,28
1542,600765,28
1543,600855,28
1544,600862,28
1545,600879,28
1546,600893,28
1547,600990,28
1548,601989,28
1549,000025,30
1550,000030,30
1551,000338,30
1552,000550,30
1553,000559,30
1554,000572,30
1555,000581,30
1556,000589,30
1557,000599,30
1558,000622,30
1559,000625,30
1560,000678,30
1561,000700,30
1562,000710,30
1563,000753,30
1564,000757,30
1565,000760,30
1566,000800,30
1567,000868,30
1568,000887,30
1569,000903,30
1570,000913,30
1571,000927,30
1572,000951,30
1573,000957,30
1574,000980,30
1575,000996,30
1576,002031,30
1577,002048,30
1578,002085,30
1579,002126,30
1580,002213,30
1581,002239,30
1582,002265,30
1583,002283,30
1584,002284,30
1585,002328,30
1586,002355,30
1587,002363,30
1588,002434,30
1589,002448,30
1590,002454,30
1591,002488,30
1592,002510,30
1593,002516,30
1594,002536,30
1595,002537,30
1596,002553,30
1597,002590,30
1598,002592,30
1599,002593,30
1600,002594,30
1601,002607,30
1602,002625,30
1603,002662,30
1604,002664,30
1605,002682,30
1606,002684,30
1607,002703,30
1608,002708,30
1609,002715,30
1610,002725,30
1611,002765,30
1612,002863,30
1613,002865,30
1614,002920,30
1615,002921,30
1616,300100,30
1617,300176,30
1618,300201,30
1619,300237,30
1620,300258,30
1621,300304,30
1622,300375,30
1623,300432,30
1624,300473,30
1625,300507,30
1626,300580,30
1627,300585,30
1628,300611,30
1629,300643,30
1630,300644,30
1631,300652,30
1632,300680,30
1633,300681,30
1634,300695,30
1635,300707,30
1636,300733,30
1637,600006,30
1638,600066,30
1639,600081,30
1640,600093,30
1641,600099,30
1642,600104,30
1643,600148,30
1644,600166,30
1645,600178,30
1646,600182,30
1647,600213,30
1648,600218,30
1649,600297,30
1650,600303,30
1651,600327,30
1652,600335,30
1653,600375,30
1654,600418,30
1655,600469,30
1656,600480,30
1657,600523,30
1658,600579,30
1659,600609,30
1660,600623,30
1661,600653,30
1662,600656,30
1663,600660,30
1664,600676,30
1665,600686,30
1666,600698,30
1667,600699,30
1668,600741,30
1669,600742,30
1670,600818,30
1671,600841,30
1672,600877,30
1673,600933,30
1674,600960,30
1675,600991,30
1676,601058,30
1677,601127,30
1678,601238,30
1679,601258,30
1680,601311,30
1681,601633,30
1682,601689,30
1683,601777,30
1684,601799,30
1685,601965,30
1686,603006,30
1687,603009,30
1688,603023,30
1689,603035,30
1690,603037,30
1691,603040,30
1692,603089,30
1693,603129,30
1694,603158,30
1695,603161,30
1696,603166,30
1697,603178,30
1698,603179,30
1699,603197,30
1700,603239,30
1701,603286,30
1702,603305,30
1703,603306,30
1704,603335,30
1705,603358,30
1706,603377,30
1707,603569,30
1708,603586,30
1709,603611,30
1710,603655,30
1711,603680,30
1712,603701,30
1713,603730,30
1714,603758,30
1715,603766,30
1716,603767,30
1717,603768,30
1718,603776,30
1719,603787,30
1720,603788,30
1721,603809,30
1722,603895,30
1723,603917,30
1724,603922,30
1725,603926,30
1726,603997,30
1727,000026,31
1728,000151,31
1729,000417,31
1730,000419,31
1731,000501,31
1732,000516,31
1733,000560,31
1734,000564,31
1735,000587,31
1736,000626,31
1737,000632,31
1738,000679,31
1739,000715,31
1740,000759,31
1741,000785,31
1742,000861,31
1743,000882,31
1744,002024,31
1745,002091,31
1746,002127,31
1747,002187,31
1748,002251,31
1749,002264,31
1750,002277,31
1751,002336,31
1752,002344,31
1753,002345,31
1754,002419,31
1755,002561,31
1756,002574,31
1757,002640,31
1758,002697,31
1759,002721,31
1760,002731,31
1761,002818,31
1762,300413,31
1763,600086,31
1764,600120,31
1765,600122,31
1766,600241,31
1767,600247,31
1768,600250,31
1769,600278,31
1770,600280,31
1771,600287,31
1772,600306,31
1773,600361,31
1774,600415,31
1775,600605,31
1776,600612,31
1777,600628,31
1778,600631,31
1779,600648,31
1780,600655,31
1781,600682,31
1782,600693,31
1783,600694,31
1784,600697,31
1785,600712,31
1786,600723,31
1787,600729,31
1788,600735,31
1789,600738,31
1790,600755,31
1791,600774,31
1792,600778,31
1793,600785,31
1794,600790,31
1795,600811,31
1796,600814,31
1797,600821,31
1798,600822,31
1799,600824,31
1800,600826,31
1801,600827,31
1802,600828,31
1803,600830,31
1804,600838,31
1805,600857,31
1806,600858,31
1807,600859,31
1808,600861,31
1809,600865,31
1810,600891,31
1811,600898,31
1812,600981,31
1813,601010,31
1814,601086,31
1815,601116,31
1816,601366,31
1817,601828,31
1818,601933,31
1819,603031,31
1820,603101,31
1821,603123,31
1822,603214,31
1823,603708,31
1824,603900,31
1825,000033,32
1826,000428,32
1827,000430,32
1828,000524,32
1829,000610,32
1830,000613,32
1831,000721,32
1832,000796,32
1833,000888,32
1834,000978,32
1835,002033,32
1836,002059,32
1837,002159,32
1838,002186,32
1839,002707,32
1840,300144,32
1841,300178,32
1842,600054,32
1843,600138,32
1844,600258,32
1845,600358,32
1846,600593,32
1847,600640,32
1848,600706,32
1849,600749,32
1850,600754,32
1851,601007,32
1852,601888,32
1853,603043,32
1854,603099,32
1855,603136,32
1856,603199,32
1857,603869,32
1858,000016,33
1859,000100,33
1860,000333,33
1861,000404,33
1862,000418,33
1863,000521,33
1864,000527,33
1865,000533,33
1866,000541,33
1867,000651,33
1868,000801,33
1869,000810,33
1870,000921,33
1871,002032,33
1872,002035,33
1873,002050,33
1874,002076,33
1875,002242,33
1876,002260,33
1877,002290,33
1878,002403,33
1879,002413,33
1880,002418,33
1881,002420,33
1882,002429,33
1883,002473,33
1884,002508,33
1885,002543,33
1886,002614,33
1887,002615,33
1888,002668,33
1889,002670,33
1890,002676,33
1891,002677,33
1892,002705,33
1893,002723,33
1894,002759,33
1895,002790,33
1896,002860,33
1897,300217,33
1898,300247,33
1899,300249,33
1900,300272,33
1901,300279,33
1902,300317,33
1903,300342,33
1904,300475,33
1905,300582,33
1906,300625,33
1907,300632,33
1908,300650,33
1909,600060,33
1910,600261,33
1911,600336,33
1912,600482,33
1913,600619,33
1914,600651,33
1915,600690,33
1916,600839,33
1917,600854,33
1918,600870,33
1919,600983,33
1920,603303,33
1921,603311,33
1922,603355,33
1923,603366,33
1924,603515,33
1925,603578,33
1926,603677,33
1927,603679,33
1928,603685,33
1929,603868,33
1930,000611,34
1931,000726,34
1932,000779,34
1933,000850,34
1934,000955,34
1935,000982,34
1936,002003,34
1937,002029,34
1938,002042,34
1939,002083,34
1940,002087,34
1941,002098,34
1942,002144,34
1943,002154,34
1944,002193,34
1945,002269,34
1946,002291,34
1947,002293,34
1948,002327,34
1949,002394,34
1950,002397,34
1951,002404,34
1952,002485,34
1953,002486,34
1954,002494,34
1955,002503,34
1956,002563,34
1957,002569,34
1958,002612,34
1959,002634,34
1960,002656,34
1961,002674,34
1962,002687,34
1963,002699,34
1964,002740,34
1965,002761,34
1966,002762,34
1967,002763,34
1968,002776,34
1969,002780,34
1970,002832,34
1971,002867,34
1972,002875,34
1973,300005,34
1974,300526,34
1975,300577,34
1976,300591,34
1977,600107,34
1978,600137,34
1979,600146,34
1980,600152,34
1981,600156,34
1982,600220,34
1983,600232,34
1984,600370,34
1985,600398,34
1986,600400,34
1987,600439,34
1988,600448,34
1989,600493,34
1990,600527,34
1991,600626,34
1992,600630,34
1993,600689,34
1994,600987,34
1995,601339,34
1996,601566,34
1997,601718,34
1998,603001,34
1999,603055,34
2000,603116,34
2001,603157,34
2002,603196,34
2003,603238,34
2004,603365,34
2005,603477,34
2006,603518,34
2007,603555,34
2008,603557,34
2009,603558,34
2010,603608,34
2011,603665,34
2012,603808,34
2013,603839,34
2014,603877,34
2015,603889,34
2016,603908,34
2017,603958,34
2018,000004,35
2019,000028,35
2020,000078,35
2021,000150,35
2022,000153,35
2023,000403,35
2024,000411,35
2025,000423,35
2026,000503,35
2027,000513,35
2028,000518,35
2029,000522,35
2030,000538,35
2031,000566,35
2032,000590,35
2033,000597,35
2034,000650,35
2035,000661,35
2036,000705,35
2037,000739,35
2038,000756,35
2039,000766,35
2040,000788,35
2041,000790,35
2042,000813,35
2043,000908,35
2044,000915,35
2045,000919,35
2046,000952,35
2047,000963,35
2048,000989,35
2049,000999,35
2050,002001,35
2051,002007,35
2052,002019,35
2053,002020,35
2054,002022,35
2055,002030,35
2056,002038,35
2057,002044,35
2058,002099,35
2059,002107,35
2060,002118,35
2061,002166,35
2062,002173,35
2063,002198,35
2064,002219,35
2065,002223,35
2066,002252,35
2067,002262,35
2068,002275,35
2069,002287,35
2070,002294,35
2071,002317,35
2072,002332,35
2073,002349,35
2074,002365,35
2075,002370,35
2076,002390,35
2077,002393,35
2078,002399,35
2079,002412,35
2080,002422,35
2081,002424,35
2082,002432,35
2083,002433,35
2084,002437,35
2085,002462,35
2086,002550,35
2087,002551,35
2088,002566,35
2089,002589,35
2090,002603,35
2091,002644,35
2092,002653,35
2093,002675,35
2094,002680,35
2095,002688,35
2096,002693,35
2097,002727,35
2098,002728,35
2099,002737,35
2100,002741,35
2101,002750,35
2102,002758,35
2103,002773,35
2104,002788,35
2105,002817,35
2106,002821,35
2107,002826,35
2108,002864,35
2109,002872,35
2110,002873,35
2111,002880,35
2112,002898,35
2113,002900,35
2114,002901,35
2115,002907,35
2116,002923,35
2117,300003,35
2118,300006,35
2119,300009,35
2120,300015,35
2121,300016,35
2122,300026,35
2123,300030,35
2124,300039,35
2125,300049,35
2126,300086,35
2127,300109,35
2128,300110,35
2129,300122,35
2130,300142,35
2131,300147,35
2132,300158,35
2133,300181,35
2134,300194,35
2135,300199,35
2136,300204,35
2137,300206,35
2138,300233,35
2139,300238,35
2140,300239,35
2141,300244,35
2142,300246,35
2143,300254,35
2144,300255,35
2145,300267,35
2146,300273,35
2147,300289,35
2148,300294,35
2149,300298,35
2150,300314,35
2151,300318,35
2152,300326,35
2153,300347,35
2154,300357,35
2155,300358,35
2156,300363,35
2157,300396,35
2158,300401,35
2159,300404,35
2160,300406,35
2161,300412,35
2162,300436,35
2163,300439,35
2164,300452,35
2165,300453,35
2166,300463,35
2167,300482,35
2168,300485,35
2169,300497,35
2170,300519,35
2171,300529,35
2172,300534,35
2173,300558,35
2174,300562,35
2175,300573,35
2176,300583,35
2177,300584,35
2178,300595,35
2179,300601,35
2180,300622,35
2181,300630,35
2182,300633,35
2183,300636,35
2184,300637,35
2185,300639,35
2186,300642,35
2187,300653,35
2188,300676,35
2189,300677,35
2190,300683,35
2191,300685,35
2192,300702,35
2193,300705,35
2194,300723,35
2195,300725,35
2196,600055,35
2197,600056,35
2198,600062,35
2199,600079,35
2200,600080,35
2201,600085,35
2202,600090,35
2203,600129,35
2204,600161,35
2205,600196,35
2206,600211,35
2207,600216,35
2208,600222,35
2209,600252,35
2210,600253,35
2211,600267,35
2212,600272,35
2213,600276,35
2214,600285,35
2215,600329,35
2216,600332,35
2217,600351,35
2218,600380,35
2219,600420,35
2220,600422,35
2221,600436,35
2222,600479,35
2223,600488,35
2224,600511,35
2225,600513,35
2226,600518,35
2227,600521,35
2228,600529,35
2229,600530,35
2230,600535,35
2231,600557,35
2232,600566,35
2233,600572,35
2234,600587,35
2235,600594,35
2236,600613,35
2237,600645,35
2238,600664,35
2239,600671,35
2240,600713,35
2241,600721,35
2242,600750,35
2243,600763,35
2244,600767,35
2245,600771,35
2246,600781,35
2247,600789,35
2248,600812,35
2249,600829,35
2250,600833,35
2251,600851,35
2252,600867,35
2253,600976,35
2254,600993,35
2255,600998,35
2256,601607,35
2257,603079,35
2258,603108,35
2259,603127,35
2260,603139,35
2261,603168,35
2262,603222,35
2263,603229,35
2264,603233,35
2265,603309,35
2266,603367,35
2267,603368,35
2268,603387,35
2269,603456,35
2270,603520,35
2271,603538,35
2272,603567,35
2273,603579,35
2274,603658,35
2275,603669,35
2276,603676,35
2277,603707,35
2278,603716,35
2279,603718,35
2280,603811,35
2281,603858,35
2282,603880,35
2283,603882,35
2284,603883,35
2285,603896,35
2286,603939,35
2287,603963,35
2288,603987,35
2289,603998,35
2290,000019,36
2291,000529,36
2292,000568,36
2293,000596,36
2294,000639,36
2295,000716,36
2296,000729,36
2297,000752,36
2298,000799,36
2299,000848,36
2300,000858,36
2301,000860,36
2302,000869,36
2303,000895,36
2304,000929,36
2305,000995,36
2306,002216,36
2307,002304,36
2308,002329,36
2309,002330,36
2310,002387,36
2311,002461,36
2312,002481,36
2313,002495,36
2314,002507,36
2315,002515,36
2316,002557,36
2317,002568,36
2318,002570,36
2319,002582,36
2320,002626,36
2321,002646,36
2322,002650,36
2323,002661,36
2324,002695,36
2325,002696,36
2326,002702,36
2327,002719,36
2328,002726,36
2329,002732,36
2330,002770,36
2331,002820,36
2332,002840,36
2333,002847,36
2334,002891,36
2335,002910,36
2336,300138,36
2337,300143,36
2338,300146,36
2339,300741,36
2340,600059,36
2341,600073,36
2342,600084,36
2343,600132,36
2344,600186,36
2345,600197,36
2346,600199,36
2347,600238,36
2348,600298,36
2349,600300,36
2350,600305,36
2351,600365,36
2352,600381,36
2353,600419,36
2354,600429,36
2355,600519,36
2356,600543,36
2357,600559,36
2358,600573,36
2359,600597,36
2360,600600,36
2361,600616,36
2362,600702,36
2363,600779,36
2364,600809,36
2365,600866,36
2366,600872,36
2367,600873,36
2368,600887,36
2369,600929,36
2370,601579,36
2371,603020,36
2372,603027,36
2373,603156,36
2374,603198,36
2375,603288,36
2376,603345,36
2377,603369,36
2378,603517,36
2379,603536,36
2380,603589,36
2381,603696,36
2382,603711,36
2383,603777,36
2384,603779,36
2385,603866,36
2386,603886,36
2387,603919,36
2388,000048,37
2389,000061,37
2390,000592,37
2391,000663,37
2392,000702,37
2393,000713,37
2394,000735,37
2395,000798,37
2396,000876,37
2397,000893,37
2398,000911,37
2399,000930,37
2400,000972,37
2401,000998,37
2402,002041,37
2403,002069,37
2404,002086,37
2405,002100,37
2406,002124,37
2407,002157,37
2408,002200,37
2409,002220,37
2410,002234,37
2411,002240,37
2412,002259,37
2413,002286,37
2414,002299,37
2415,002311,37
2416,002321,37
2417,002385,37
2418,002447,37
2419,002458,37
2420,002477,37
2421,002505,37
2422,002548,37
2423,002567,37
2424,002604,37
2425,002631,37
2426,002679,37
2427,002714,37
2428,002746,37
2429,002772,37
2430,002852,37
2431,002868,37
2432,300087,37
2433,300094,37
2434,300106,37
2435,300119,37
2436,300149,37
2437,300175,37
2438,300186,37
2439,300189,37
2440,300268,37
2441,300313,37
2442,300381,37
2443,300498,37
2444,300511,37
2445,300673,37
2446,600097,37
2447,600108,37
2448,600127,37
2449,600189,37
2450,600191,37
2451,600195,37
2452,600201,37
2453,600251,37
2454,600257,37
2455,600265,37
2456,600275,37
2457,600313,37
2458,600354,37
2459,600359,37
2460,600371,37
2461,600438,37
2462,600467,37
2463,600506,37
2464,600540,37
2465,600598,37
2466,600737,37
2467,600962,37
2468,600965,37
2469,600975,37
2470,600978,37
2471,601118,37
2472,601952,37
2473,601996,37
2474,603336,37
2475,603363,37
2476,603566,37
2477,603609,37
2478,603668,37
2479,603818,37
2480,000001,40
2481,002142,40
2482,002807,40
2483,002839,40
2484,600000,40
2485,600015,40
2486,600016,40
2487,600036,40
2488,600908,40
2489,600919,40
2490,600926,40
2491,601009,40
2492,601128,40
2493,601166,40
2494,601169,40
2495,601229,40
2496,601288,40
2497,601328,40
2498,601398,40
2499,601818,40
2500,601838,40
2501,601939,40
2502,601988,40
2503,601997,40
2504,601998,40
2505,603323,40
2506,000166,41
2507,000415,41
2508,000416,41
2509,000562,41
2510,000563,41
2511,000617,41
2512,000623,41
2513,000627,41
2514,000666,41
2515,000686,41
2516,000712,41
2517,000728,41
2518,000750,41
2519,000776,41
2520,000783,41
2521,000987,41
2522,002500,41
2523,002673,41
2524,002736,41
2525,002797,41
2526,002926,41
2527,300023,41
2528,600030,41
2529,600053,41
2530,600061,41
2531,600109,41
2532,600291,41
2533,600318,41
2534,600369,41
2535,600599,41
2536,600695,41
2537,600705,41
2538,600739,41
2539,600816,41
2540,600837,41
2541,600901,41
2542,600909,41
2543,600958,41
2544,600999,41
2545,601099,41
2546,601108,41
2547,601198,41
2548,601211,41
2549,601318,41
2550,601336,41
2551,601375,41
2552,601377,41
2553,601555,41
2554,601601,41
2555,601628,41
2556,601688,41
2557,601788,41
2558,601878,41
2559,601881,41
2560,601901,41
2561,000002,42
2562,000006,42
2563,000007,42
2564,000011,42
2565,000014,42
2566,000024,42
2567,000029,42
2568,000031,42
2569,000036,42
2570,000042,42
2571,000043,42
2572,000046,42
2573,000056,42
2574,000058,42
2575,000062,42
2576,000069,42
2577,000402,42
2578,000502,42
2579,000505,42
2580,000506,42
2581,000514,42
2582,000517,42
2583,000526,42
2584,000534,42
2585,000537,42
2586,000540,42
2587,000558,42
2588,000567,42
2589,000573,42
2590,000608,42
2591,000609,42
2592,000615,42
2593,000616,42
2594,000620,42
2595,000631,42
2596,000638,42
2597,000656,42
2598,000667,42
2599,000668,42
2600,000671,42
2601,000691,42
2602,000718,42
2603,000732,42
2604,000736,42
2605,000797,42
2606,000809,42
2607,000838,42
2608,000863,42
2609,000897,42
2610,000918,42
2611,000926,42
2612,000961,42
2613,000965,42
2614,000979,42
2615,000981,42
2616,001979,42
2617,002016,42
2618,002077,42
2619,002133,42
2620,002146,42
2621,002147,42
2622,002208,42
2623,002244,42
2624,002285,42
2625,002305,42
2626,300492,42
2627,300675,42
2628,300732,42
2629,600007,42
2630,600048,42
2631,600052,42
2632,600064,42
2633,600067,42
2634,600077,42
2635,600094,42
2636,600095,42
2637,600113,42
2638,600133,42
2639,600158,42
2640,600159,42
2641,600162,42
2642,600173,42
2643,600177,42
2644,600185,42
2645,600208,42
2646,600215,42
2647,600223,42
2648,600225,42
2649,600239,42
2650,600240,42
2651,600246,42
2652,600266,42
2653,600322,42
2654,600325,42
2655,600340,42
2656,600376,42
2657,600383,42
2658,600393,42
2659,600463,42
2660,600466,42
2661,600503,42
2662,600515,42
2663,600533,42
2664,600555,42
2665,600556,42
2666,600565,42
2667,600568,42
2668,600603,42
2669,600604,42
2670,600606,42
2671,600620,42
2672,600621,42
2673,600622,42
2674,600638,42
2675,600639,42
2676,600641,42
2677,600647,42
2678,600649,42
2679,600657,42
2680,600658,42
2681,600663,42
2682,600665,42
2683,600675,42
2684,600683,42
2685,600684,42
2686,600696,42
2687,600708,42
2688,600716,42
2689,600724,42
2690,600732,42
2691,600733,42
2692,600736,42
2693,600743,42
2694,600748,42
2695,600773,42
2696,600791,42
2697,600807,42
2698,600817,42
2699,600823,42
2700,600848,42
2701,600890,42
2702,600895,42
2703,601155,42
2704,601588,42
2705,603357,42
2706,603506,42
2707,603778,42
2708,603955,42
2709,000022,50
2710,000088,50
2711,000089,50
2712,000099,50
2713,000429,50
2714,000507,50
2715,000520,50
2716,000548,50
2717,000557,50
2718,000582,50
2719,000594,50
2720,000828,50
2721,000886,50
2722,000900,50
2723,000905,50
2724,000916,50
2725,001965,50
2726,002040,50
2727,002120,50
2728,002183,50
2729,002210,50
2730,002245,50
2731,002320,50
2732,002352,50
2733,002357,50
2734,002468,50
2735,002492,50
2736,002627,50
2737,002711,50
2738,002769,50
2739,002800,50
2740,002928,50
2741,002930,50
2742,300013,50
2743,300240,50
2744,300350,50
2745,600004,50
2746,600009,50
2747,600012,50
2748,600017,50
2749,600018,50
2750,600020,50
2751,600026,50
2752,600029,50
2753,600033,50
2754,600035,50
2755,600057,50
2756,600087,50
2757,600106,50
2758,600115,50
2759,600119,50
2760,600125,50
2761,600153,50
2762,600179,50
2763,600180,50
2764,600190,50
2765,600221,50
2766,600233,50
2767,600269,50
2768,600270,50
2769,600279,50
2770,600317,50
2771,600350,50
2772,600368,50
2773,600377,50
2774,600428,50
2775,600548,50
2776,600561,50
2777,600575,50
2778,600611,50
2779,600650,50
2780,600662,50
2781,600692,50
2782,600717,50
2783,600751,50
2784,600787,50
2785,600794,50
2786,600798,50
2787,600834,50
2788,600896,50
2789,600897,50
2790,601000,50
2791,601006,50
2792,601008,50
2793,601018,50
2794,601021,50
2795,601107,50
2796,601111,50
2797,601188,50
2798,601228,50
2799,601326,50
2800,601333,50
2801,601518,50
2802,601866,50
2803,601872,50
2804,601880,50
2805,601919,50
2806,603032,50
2807,603056,50
2808,603066,50
2809,603069,50
2810,603117,50
2811,603128,50
2812,603167,50
2813,603223,50
2814,603329,50
2815,603535,50
2816,603648,50
2817,603813,50
2818,603871,50
2819,603885,50
2820,000020,60
2821,000021,60
2822,000045,60
2823,000049,60
2824,000050,60
2825,000413,60
2826,000532,60
2827,000536,60
2828,000636,60
2829,000670,60
2830,000701,60
2831,000725,60
2832,000727,60
2833,000733,60
2834,000823,60
2835,000970,60
2836,000988,60
2837,002005,60
2838,002008,60
2839,002036,60
2840,002045,60
2841,002049,60
2842,002052,60
2843,002055,60
2844,002056,60
2845,002079,60
2846,002106,60
2847,002119,60
2848,002130,60
2849,002134,60
2850,002138,60
2851,002139,60
2852,002141,60
2853,002156,60
2854,002180,60
2855,002185,60
2856,002189,60
2857,002197,60
2858,002199,60
2859,002217,60
2860,002222,60
2861,002236,60
2862,002241,60
2863,002273,60
2864,002288,60
2865,002289,60
2866,002341,60
2867,002351,60
2868,002369,60
2869,002371,60
2870,002388,60
2871,002389,60
2872,002402,60
2873,002415,60
2874,002436,60
2875,002449,60
2876,002456,60
2877,002463,60
2878,002475,60
2879,002484,60
2880,002504,60
2881,002527,60
2882,002528,60
2883,002579,60
2884,002587,60
2885,002600,60
2886,002618,60
2887,002636,60
2888,002647,60
2889,002654,60
2890,002660,60
2891,002681,60
2892,002724,60
2893,002733,60
2894,002745,60
2895,002782,60
2896,002808,60
2897,002815,60
2898,002841,60
2899,002845,60
2900,002861,60
2901,002876,60
2902,002881,60
2903,002888,60
2904,002902,60
2905,002913,60
2906,002916,60
2907,002922,60
2908,002925,60
2909,300007,60
2910,300014,60
2911,300028,60
2912,300032,60
2913,300046,60
2914,300053,60
2915,300077,60
2916,300083,60
2917,300088,60
2918,300102,60
2919,300115,60
2920,300127,60
2921,300128,60
2922,300131,60
2923,300139,60
2924,300155,60
2925,300162,60
2926,300183,60
2927,300184,60
2928,300207,60
2929,300219,60
2930,300220,60
2931,300223,60
2932,300224,60
2933,300227,60
2934,300232,60
2935,300241,60
2936,300256,60
2937,300269,60
2938,300282,60
2939,300296,60
2940,300301,60
2941,300303,60
2942,300319,60
2943,300323,60
2944,300327,60
2945,300331,60
2946,300346,60
2947,300356,60
2948,300360,60
2949,300373,60
2950,300389,60
2951,300390,60
2952,300395,60
2953,300408,60
2954,300433,60
2955,300438,60
2956,300446,60
2957,300460,60
2958,300462,60
2959,300476,60
2960,300491,60
2961,300493,60
2962,300515,60
2963,300516,60
2964,300543,60
2965,300545,60
2966,300566,60
2967,300602,60
2968,300604,60
2969,300613,60
2970,300623,60
2971,300647,60
2972,300656,60
2973,300657,60
2974,300660,60
2975,300661,60
2976,300666,60
2977,300667,60
2978,300671,60
2979,300672,60
2980,300679,60
2981,300686,60
2982,300691,60
2983,300708,60
2984,300709,60
2985,300726,60
2986,300739,60
2987,600071,60
2988,600110,60
2989,600171,60
2990,600183,60
2991,600203,60
2992,600206,60
2993,600237,60
2994,600288,60
2995,600353,60
2996,600360,60
2997,600363,60
2998,600401,60
2999,600460,60
3000,600478,60
3001,600525,60
3002,600563,60
3003,600584,60
3004,600602,60
3005,600654,60
3006,600667,60
3007,600703,60
3008,600707,60
3009,600747,60
3010,600884,60
3011,601231,60
3012,603005,60
3013,603160,60
3014,603186,60
3015,603228,60
3016,603328,60
3017,603380,60
3018,603386,60
3019,603501,60
3020,603508,60
3021,603595,60
3022,603633,60
3023,603659,60
3024,603678,60
3025,603688,60
3026,603703,60
3027,603738,60
3028,603920,60
3029,603933,60
3030,603936,60
3031,603986,60
3032,603989,60
3033,603996,60
3034,000032,61
3035,000063,61
3036,000070,61
3037,000586,61
3038,000829,61
3039,000836,61
3040,000851,61
3041,000889,61
3042,000971,61
3043,002017,61
3044,002089,61
3045,002093,61
3046,002104,61
3047,002115,61
3048,002148,61
3049,002161,61
3050,002194,61
3051,002231,61
3052,002261,61
3053,002281,61
3054,002296,61
3055,002309,61
3056,002313,61
3057,002316,61
3058,002335,61
3059,002359,61
3060,002396,61
3061,002416,61
3062,002417,61
3063,002446,61
3064,002467,61
3065,002491,61
3066,002544,61
3067,002547,61
3068,002583,61
3069,002792,61
3070,002813,61
3071,002848,61
3072,002897,61
3073,002908,61
3074,002929,61
3075,300017,61
3076,300025,61
3077,300038,61
3078,300047,61
3079,300050,61
3080,300081,61
3081,300134,61
3082,300136,61
3083,300205,61
3084,300211,61
3085,300213,61
3086,300250,61
3087,300264,61
3088,300288,61
3089,300292,61
3090,300299,61
3091,300310,61
3092,300312,61
3093,300322,61
3094,300353,61
3095,300366,61
3096,300383,61
3097,300394,61
3098,300414,61
3099,300502,61
3100,300504,61
3101,300531,61
3102,300548,61
3103,300555,61
3104,300560,61
3105,300563,61
3106,300565,61
3107,300570,61
3108,300571,61
3109,300578,61
3110,300590,61
3111,300593,61
3112,300597,61
3113,300603,61
3114,300615,61
3115,300620,61
3116,300627,61
3117,300628,61
3118,300638,61
3119,300689,61
3120,300698,61
3121,300710,61
3122,300711,61
3123,300731,61
3124,300735,61
3125,300736,61
3126,600050,61
3127,600105,61
3128,600130,61
3129,600198,61
3130,600260,61
3131,600289,61
3132,600345,61
3133,600355,61
3134,600405,61
3135,600462,61
3136,600485,61
3137,600487,61
3138,600498,61
3139,600522,61
3140,600680,61
3141,600745,61
3142,600764,61
3143,600775,61
3144,600776,61
3145,600797,61
3146,600804,61
3147,603003,61
3148,603042,61
3149,603083,61
3150,603118,61
3151,603322,61
3152,603421,61
3153,603516,61
3154,603559,61
3155,603602,61
3156,603712,61
3157,603803,61
3158,000034,62
3159,000066,62
3160,000555,62
3161,000662,62
3162,000748,62
3163,000938,62
3164,000948,62
3165,000977,62
3166,000997,62
3167,002063,62
3168,002065,62
3169,002072,62
3170,002090,62
3171,002152,62
3172,002153,62
3173,002177,62
3174,002195,62
3175,002230,62
3176,002232,62
3177,002253,62
3178,002268,62
3179,002279,62
3180,002280,62
3181,002306,62
3182,002308,62
3183,002312,62
3184,002331,62
3185,002362,62
3186,002368,62
3187,002373,62
3188,002376,62
3189,002380,62
3190,002383,62
3191,002401,62
3192,002405,62
3193,002410,62
3194,002439,62
3195,002474,62
3196,002512,62
3197,002518,62
3198,002546,62
3199,002577,62
3200,002609,62
3201,002635,62
3202,002642,62
3203,002649,62
3204,002657,62
3205,002766,62
3206,002771,62
3207,002777,62
3208,002829,62
3209,002835,62
3210,002866,62
3211,002869,62
3212,002906,62
3213,002912,62
3214,300002,62
3215,300010,62
3216,300020,62
3217,300033,62
3218,300036,62
3219,300042,62
3220,300074,62
3221,300075,62
3222,300076,62
3223,300078,62
3224,300085,62
3225,300096,62
3226,300098,62
3227,300130,62
3228,300150,62
3229,300157,62
3230,300166,62
3231,300167,62
3232,300168,62
3233,300170,62
3234,300177,62
3235,300182,62
3236,300188,62
3237,300191,62
3238,300202,62
3239,300209,62
3240,300212,62
3241,300229,62
3242,300231,62
3243,300235,62
3244,300245,62
3245,300248,62
3246,300253,62
3247,300270,62
3248,300271,62
3249,300275,62
3250,300277,62
3251,300287,62
3252,300290,62
3253,300297,62
3254,300302,62
3255,300311,62
3256,300324,62
3257,300330,62
3258,300333,62
3259,300339,62
3260,300348,62
3261,300352,62
3262,300365,62
3263,300367,62
3264,300369,62
3265,300377,62
3266,300378,62
3267,300379,62
3268,300380,62
3269,300386,62
3270,300399,62
3271,300419,62
3272,300440,62
3273,300448,62
3274,300449,62
3275,300451,62
3276,300455,62
3277,300458,62
3278,300465,62
3279,300468,62
3280,300469,62
3281,300479,62
3282,300494,62
3283,300496,62
3284,300508,62
3285,300513,62
3286,300520,62
3287,300523,62
3288,300525,62
3289,300532,62
3290,300541,62
3291,300542,62
3292,300546,62
3293,300550,62
3294,300552,62
3295,300556,62
3296,300559,62
3297,300561,62
3298,300579,62
3299,300588,62
3300,300598,62
3301,300605,62
3302,300608,62
3303,300609,62
3304,300624,62
3305,300634,62
3306,300645,62
3307,300659,62
3308,300663,62
3309,300678,62
3310,300682,62
3311,300687,62
3312,300730,62
3313,300738,62
3314,600100,62
3315,600271,62
3316,600410,62
3317,600446,62
3318,600476,62
3319,600536,62
3320,600570,62
3321,600571,62
3322,600588,62
3323,600601,62
3324,600701,62
3325,600718,62
3326,600728,62
3327,600734,62
3328,600756,62
3329,600845,62
3330,600850,62
3331,601360,62
3332,601519,62
3333,603019,62
3334,603025,62
3335,603039,62
3336,603106,62
3337,603138,62
3338,603189,62
3339,603232,62
3340,603383,62
3341,603496,62
3342,603528,62
3343,603636,62
3344,603660,62
3345,603859,62
3346,603881,62
3347,603890,62
3348,603918,62
3349,603990,62
3350,000038,63
3351,000156,63
3352,000606,63
3353,000607,63
3354,000665,63
3355,000673,63
3356,000676,63
3357,000681,63
3358,000719,63
3359,000793,63
3360,000802,63
3361,000835,63
3362,000892,63
3363,000917,63
3364,002027,63
3365,002071,63
3366,002095,63
3367,002103,63
3368,002113,63
3369,002123,63
3370,002131,63
3371,002137,63
3372,002143,63
3373,002174,63
3374,002175,63
3375,002181,63
3376,002188,63
3377,002238,63
3378,002247,63
3379,002292,63
3380,002315,63
3381,002343,63
3382,002354,63
3383,002400,63
3384,002425,63
3385,002445,63
3386,002502,63
3387,002517,63
3388,002530,63
3389,002555,63
3390,002558,63
3391,002599,63
3392,002602,63
3393,002624,63
3394,002655,63
3395,002712,63
3396,002739,63
3397,002858,63
3398,002878,63
3399,002889,63
3400,002905,63
3401,300027,63
3402,300031,63
3403,300051,63
3404,300052,63
3405,300058,63
3406,300059,63
3407,300063,63
3408,300071,63
3409,300079,63
3410,300104,63
3411,300113,63
3412,300133,63
3413,300148,63
3414,300226,63
3415,300242,63
3416,300251,63
3417,300291,63
3418,300295,63
3419,300315,63
3420,300336,63
3421,300359,63
3422,300364,63
3423,300392,63
3424,300418,63
3425,300426,63
3426,300431,63
3427,300467,63
3428,300518,63
3429,300528,63
3430,300533,63
3431,300612,63
3432,300654,63
3433,600037,63
3434,600088,63
3435,600136,63
3436,600229,63
3437,600242,63
3438,600373,63
3439,600386,63
3440,600455,63
3441,600551,63
3442,600576,63
3443,600633,63
3444,600637,63
3445,600652,63
3446,600661,63
3447,600715,63
3448,600757,63
3449,600825,63
3450,600831,63
3451,600880,63
3452,600892,63
3453,600936,63
3454,600959,63
3455,600977,63
3456,600986,63
3457,600996,63
3458,601019,63
3459,601098,63
3460,601595,63
3461,601599,63
3462,601801,63
3463,601811,63
3464,601858,63
3465,601900,63
3466,601928,63
3467,601929,63
3468,601949,63
3469,601999,63
3470,603000,63
3471,603096,63
3472,603103,63
3473,603258,63
3474,603444,63
3475,603533,63
3476,603598,63
3477,603721,63
3478,603729,63
3479,603825,63
3480,603888,63
3481,603999,63
3482,000009,70
3483,000158,70
3484,000409,70
3485,000504,70
3486,000571,70
3487,000652,70
3488,000803,70
3489,000812,70
3490,000839,70
3491,000881,70
3492,000909,70
3493,000931,70
3494,002018,70
3495,002638,70
3496,002667,70
3497,300280,70
3498,300338,70
3499,300635,70
3500,300662,70
3501,300688,70
3502,600051,70
3503,600070,70
3504,600082,70
3505,600128,70
3506,600149,70
3507,600175,70
3508,600200,70
3509,600207,70
3510,600212,70
3511,600234,70
3512,600382,70
3513,600510,70
3514,600624,70
3515,600634,70
3516,600643,70
3517,600668,70
3518,600704,70
3519,600730,70
3520,600770,70
3521,600784,70
3522,600805,70
3523,600832,70
3524,601992,70
3525,603060,70
3526,603183,70
