SecuCode,FirstIndustryCode
000059,10
000096,10
000159,10
000554,10
000637,10
000698,10
000703,10
000819,10
000968,10
000985,10
002172,10
002206,10
002221,10
002254,10
002377,10
002408,10
002476,10
002493,10
002524,10
002648,10
002778,10
002828,10
300135,10
300384,10
600028,10
600256,10
600339,10
600346,10
600378,10
600387,10
600583,10
600688,10
600759,10
600777,10
600871,10
601113,10
601233,10
601808,10
601857,10
603026,10
603619,10
603727,10
603798,10
603800,10
000552,11
000723,11
000780,11
000937,11
000983,11
002128,11
002753,11
600121,11
600123,11
600157,11
600188,11
600348,11
600395,11
600397,11
600403,11
600408,11
600508,11
600546,11
600714,11
600725,11
600740,11
600758,11
600792,11
600971,11
600997,11
601001,11
601011,11
601015,11
601088,11
601101,11
601225,11
601666,11
601699,11
601898,11
601918,11
603113,11
000060,12
000426,12
000603,12
000612,12
000630,12
000633,12
000657,12
000688,12
000693,12
000697,12
000751,12
000758,12
000762,12
000807,12
000831,12
000878,12
000933,12
000960,12
000962,12
000969,12
000975,12
002070,12
002082,12
002114,12
002149,12
002155,12
002160,12
002167,12
002171,12
002182,12
002203,12
002237,12
002295,12
002378,12
002379,12
002428,12
002460,12
002466,12
002501,12
002540,12
002578,12
002716,12
002738,12
002806,12
002824,12
002842,12
300328,12
300337,12
300428,12
300618,12
300697,12
600111,12
600139,12
600219,12
600255,12
600259,12
600311,12
600330,12
600331,12
600338,12
600362,12
600366,12
600385,12
600390,12
600392,12
600432,12
600456,12
600459,12
600489,12
600490,12
600497,12
600531,12
600547,12
600549,12
600595,12
600614,12
600615,12
600673,12
600687,12
600711,12
600766,12
600768,12
600888,12
600961,12
600980,12
600988,12
601020,12
601069,12
601137,12
601168,12
601212,12
601388,12
601600,12
601677,12
601899,12
601958,12
603260,12
603399,12
603527,12
603612,12
603663,12
603799,12
603937,12
603978,12
603979,12
603993,12
000005,20
000027,20
000035,20
000037,20
000040,20
000068,20
000301,20
000407,20
000421,20
000531,20
000539,20
000543,20
000544,20
000591,20
000593,20
000598,20
000600,20
000601,20
000602,20
000605,20
000669,20
000685,20
000690,20
000692,20
000695,20
000711,20
000720,20
000722,20
000767,20
000791,20
000820,20
000826,20
000875,20
000883,20
000899,20
000920,20
000939,20
000958,20
000966,20
000967,20
000993,20
001896,20
002034,20
002039,20
002267,20
002340,20
002479,20
002499,20
002573,20
002616,20
002630,20
002658,20
002672,20
002700,20
002893,20
002911,20
300012,20
300055,20
300056,20
300070,20
300090,20
300137,20
300156,20
300172,20
300187,20
300190,20
300203,20
300262,20
300266,20
300332,20
300334,20
300335,20
300362,20
300385,20
300388,20
300422,20
300425,20
300569,20
300631,20
300664,20
300692,20
600008,20
600011,20
600021,20
600023,20
600025,20
600027,20
600098,20
600101,20
600116,20
600131,20
600167,20
600168,20
600187,20
600217,20
600236,20
600283,20
600292,20
600310,20
600323,20
600333,20
600388,20
600396,20
600452,20
600461,20
600483,20
600499,20
600505,20
600509,20
600526,20
600578,20
600617,20
600635,20
600642,20
600644,20
600674,20
600681,20
600719,20
600726,20
600744,20
600769,20
600780,20
600795,20
600856,20
600863,20
600864,20
600868,20
600874,20
600886,20
600900,20
600903,20
600917,20
600969,20
600979,20
600982,20
600995,20
601016,20
601139,20
601158,20
601199,20
601200,20
601368,20
601619,20
601985,20
601991,20
603080,20
603126,20
603165,20
603177,20
603200,20
603393,20
603568,20
603588,20
603603,20
603686,20
603689,20
603797,20
603817,20
603903,20
000629,21
000655,21
000708,21
000709,21
000717,21
000761,21
000778,21
000825,21
000898,21
000906,21
000932,21
000959,21
002057,21
002075,21
002110,21
002297,21
002318,21
002423,21
002443,21
002478,21
002652,21
002756,21
600005,21
600010,21
600019,21
600022,21
600058,21
600102,21
600117,21
600126,21
600193,21
600231,21
600282,21
600295,21
600307,21
600507,21
600532,21
600569,21
600581,21
600608,21
600782,21
600808,21
600882,21
601003,21
601005,21
601028,21
601969,21
603028,21
603878,21
603969,21
000155,22
000408,22
000420,22
000422,22
000510,22
000523,22
000525,22
000545,22
000553,22
000565,22
000584,22
000635,22
000677,22
000683,22
000687,22
000707,22
000731,22
000737,22
000755,22
000782,22
000792,22
000818,22
000822,22
000830,22
000859,22
000902,22
000912,22
000936,22
000949,22
000950,22
000953,22
000973,22
000990,22
002002,22
002004,22
002010,22
002015,22
002037,22
002053,22
002054,22
002061,22
002064,22
002068,22
002092,22
002094,22
002096,22
002108,22
002109,22
002125,22
002136,22
002145,22
002165,22
002170,22
002211,22
002215,22
002224,22
002226,22
002246,22
002250,22
002256,22
002258,22
002263,22
002274,22
002319,22
002324,22
002326,22
002360,22
002361,22
002381,22
002382,22
002386,22
002391,22
002395,22
002407,22
002409,22
002411,22
002427,22
002440,22
002442,22
002450,22
002453,22
002455,22
002464,22
002470,22
002496,22
002497,22
002513,22
002522,22
002538,22
002539,22
002549,22
002556,22
002562,22
002581,22
002584,22
002585,22
002588,22
002591,22
002597,22
002601,22
002632,22
002637,22
002643,22
002666,22
002669,22
002683,22
002694,22
002709,22
002734,22
002748,22
002749,22
002768,22
002783,22
002802,22
002805,22
002809,22
002810,22
002827,22
002838,22
002855,22
002886,22
002895,22
002909,22
002915,22
002917,22
002919,22
300019,22
300037,22
300041,22
300054,22
300067,22
300072,22
300073,22
300082,22
300107,22
300108,22
300121,22
300132,22
300169,22
300174,22
300180,22
300192,22
300200,22
300214,22
300218,22
300221,22
300225,22
300230,22
300236,22
300243,22
300261,22
300285,22
300305,22
300320,22
300321,22
300325,22
300340,22
300343,22
300387,22
300398,22
300405,22
300429,22
300437,22
300459,22
300478,22
300481,22
300487,22
300505,22
300522,22
300530,22
300535,22
300537,22
300538,22
300539,22
300547,22
300568,22
300575,22
300576,22
300586,22
300587,22
300596,22
300599,22
300610,22
300641,22
300655,22
300665,22
300684,22
300690,22
300699,22
300716,22
300717,22
300721,22
300727,22
300740,22
600063,22
600074,22
600075,22
600078,22
600091,22
600096,22
600135,22
600141,22
600143,22
600155,22
600160,22
600226,22
600227,22
600228,22
600230,22
600249,22
600273,22
600277,22
600281,22
600299,22
600301,22
600309,22
600315,22
600319,22
600328,22
600352,22
600367,22
600389,22
600409,22
600423,22
600426,22
600444,22
600470,22
600486,22
600500,22
600538,22
600589,22
600596,22
600618,22
600636,22
600691,22
600722,22
600727,22
600731,22
600746,22
600796,22
600803,22
600810,22
600844,22
600889,22
600985,22
601163,22
601208,22
601216,22
601500,22
601678,22
601966,22
603002,22
603010,22
603033,22
603041,22
603067,22
603077,22
603078,22
603086,22
603110,22
603133,22
603181,22
603188,22
603225,22
603227,22
603266,22
603299,22
603330,22
603360,22
603378,22
603519,22
603580,22
603585,22
603599,22
603601,22
603605,22
603615,22
603630,22
603639,22
603683,22
603722,22
603737,22
603822,22
603823,22
603879,22
603906,22
603916,22
603928,22
603938,22
603968,22
603970,22
603977,22
603980,22
603991,22
000010,23
000018,23
000065,23
000090,23
000498,23
000628,23
000928,23
002047,23
002051,23
002060,23
002062,23
002081,23
002116,23
002135,23
002140,23
002178,23
002307,23
002310,23
002314,23
002325,23
002375,23
002398,23
002421,23
002431,23
002469,23
002482,23
002541,23
002542,23
002545,23
002586,23
002620,23
002628,23
002659,23
002663,23
002713,23
002717,23
002755,23
002775,23
002781,23
002789,23
002791,23
002811,23
002822,23
002830,23
002856,23
002883,23
002887,23
300044,23
300117,23
300197,23
300284,23
300300,23
300355,23
300483,23
300495,23
300500,23
300506,23
300517,23
300536,23
300592,23
300621,23
300649,23
300668,23
300712,23
600039,23
600068,23
600083,23
600170,23
600209,23
600248,23
600263,23
600284,23
600326,23
600477,23
600491,23
600496,23
600502,23
600512,23
600528,23
600545,23
600590,23
600610,23
600820,23
600846,23
600853,23
600939,23
600970,23
601117,23
601186,23
601226,23
601390,23
601611,23
601618,23
601668,23
601669,23
601789,23
601800,23
601886,23
603007,23
603017,23
603018,23
603030,23
603081,23
603098,23
603300,23
603316,23
603359,23
603388,23
603458,23
603466,23
603637,23
603717,23
603828,23
603843,23
603860,23
603887,23
603909,23
603929,23
603959,23
000012,24
000023,24
000055,24
000401,24
000509,24
000511,24
000546,24
000619,24
000672,24
000786,24
000789,24
000795,24
000877,24
000885,24
000935,24
002043,24
002066,24
002080,24
002088,24
002102,24
002162,24
002163,24
002192,24
002201,24
002205,24
002225,24
002233,24
002271,24
002302,24
002333,24
002346,24
002372,24
002392,24
002457,24
002596,24
002613,24
002619,24
002623,24
002641,24
002671,24
002718,24
002742,24
002785,24
002798,24
002918,24
300021,24
300064,24
300093,24
300160,24
300163,24
300179,24
300196,24
300198,24
300234,24
300344,24
300345,24
300374,24
300409,24
300706,24
300715,24
300737,24
600172,24
600176,24
600293,24
600321,24
600425,24
600449,24
600516,24
600539,24
600552,24
600585,24
600586,24
600629,24
600678,24
600720,24
600753,24
600783,24
600801,24
600802,24
600819,24
600876,24
600881,24
600883,24
601636,24
603038,24
603268,24
603385,24
603505,24
603616,24
603725,24
603826,24
603838,24
000488,25
000576,25
000659,25
000815,25
000833,25
000910,25
002012,25
002014,25
002067,25
002078,25
002084,25
002117,25
002191,25
002228,25
002229,25
002235,25
002243,25
002301,25
002303,25
002348,25
002374,25
002489,25
002511,25
002521,25
002565,25
002571,25
002572,25
002575,25
002605,25
002678,25
002701,25
002735,25
002751,25
002752,25
002799,25
002803,25
002812,25
002825,25
002831,25
002836,25
002846,25
002853,25
002859,25
002862,25
002899,25
300043,25
300057,25
300061,25
300089,25
300329,25
300403,25
300501,25
300606,25
300616,25
300640,25
300651,25
300658,25
300701,25
300703,25
300729,25
600069,25
600076,25
600103,25
600210,25
600235,25
600308,25
600337,25
600356,25
600433,25
600567,25
600679,25
600793,25
600800,25
600836,25
600963,25
600966,25
601515,25
601968,25
603008,25
603021,25
603022,25
603058,25
603059,25
603180,25
603208,25
603226,25
603313,25
603326,25
603389,25
603398,25
603429,25
603499,25
603600,25
603607,25
603661,25
603709,25
603801,25
603816,25
603833,25
603848,25
603898,25
603899,25
603976,25
000008,26
000017,26
000039,26
000157,26
000410,26
000425,26
000528,26
000530,26
000570,26
000595,26
000680,26
000777,26
000811,26
000816,26
000821,26
000837,26
000852,26
000856,26
000880,26
000890,26
000923,26
000925,26
000976,26
001696,26
002006,26
002009,26
002011,26
002021,26
002023,26
002026,26
002046,26
002058,26
002073,26
002097,26
002101,26
002105,26
002122,26
002132,26
002150,26
002158,26
002164,26
002176,26
002184,26
002196,26
002204,26
002207,26
002209,26
002248,26
002249,26
002255,26
002270,26
002272,26
002278,26
002282,26
002337,26
002342,26
002347,26
002353,26
002366,26
002367,26
002384,26
002406,26
002426,26
002430,26
002435,26
002438,26
002444,26
002459,26
002472,26
002480,26
002483,26
002490,26
002509,26
002514,26
002523,26
002526,26
002529,26
002532,26
002534,26
002535,26
002552,26
002554,26
002559,26
002564,26
002595,26
002598,26
002608,26
002611,26
002621,26
002629,26
002633,26
002639,26
002645,26
002651,26
002685,26
002686,26
002689,26
002690,26
002691,26
002698,26
002722,26
002743,26
002747,26
002757,26
002760,26
002767,26
002774,26
002779,26
002786,26
002787,26
002793,26
002795,26
002796,26
002801,26
002816,26
002819,26
002823,26
002833,26
002837,26
002843,26
002849,26
002850,26
002857,26
002870,26
002871,26
002877,26
002884,26
002890,26
002896,26
002903,26
002931,26
300004,26
300008,26
300011,26
300022,26
300024,26
300029,26
300035,26
300066,26
300084,26
300092,26
300095,26
300097,26
300099,26
300103,26
300105,26
300112,26
300116,26
300123,26
300124,26
300126,26
300145,26
300151,26
300154,26
300159,26
300161,26
300164,26
300165,26
300171,26
300173,26
300193,26
300195,26
300210,26
300216,26
300228,26
300257,26
300259,26
300260,26
300263,26
300276,26
300278,26
300281,26
300293,26
300306,26
300307,26
300308,26
300309,26
300316,26
300349,26
300351,26
300354,26
300368,26
300370,26
300371,26
300382,26
300391,26
300400,26
300402,26
300410,26
300411,26
300415,26
300416,26
300417,26
300420,26
300421,26
300424,26
300430,26
300434,26
300435,26
300441,26
300442,26
300445,26
300450,26
300456,26
300457,26
300461,26
300464,26
300466,26
300470,26
300471,26
300472,26
300480,26
300486,26
300488,26
300489,26
300499,26
300503,26
300509,26
300512,26
300514,26
300521,26
300540,26
300549,26
300551,26
300553,26
300554,26
300557,26
300567,26
300572,26
300589,26
300600,26
300607,26
300619,26
300629,26
300648,26
300669,26
300700,26
300718,26
300720,26
600031,26
600072,26
600114,26
600145,26
600150,26
600165,26
600169,26
600243,26
600262,26
600302,26
600320,26
600421,26
600458,26
600481,26
600495,26
600520,26
600558,26
600560,26
600582,26
600592,26
600666,26
600710,26
600761,26
600806,26
600815,26
600835,26
600843,26
600860,26
600894,26
600967,26
600984,26
600992,26
601002,26
601038,26
601100,26
601106,26
601177,26
601268,26
601299,26
601369,26
601608,26
601717,26
601766,26
601798,26
601882,26
601890,26
603011,26
603012,26
603015,26
603029,26
603036,26
603076,26
603085,26
603088,26
603090,26
603100,26
603111,26
603131,26
603159,26
603169,26
603203,26
603269,26
603277,26
603278,26
603283,26
603289,26
603298,26
603308,26
603315,26
603318,26
603319,26
603321,26
603331,26
603337,26
603338,26
603339,26
603356,26
603416,26
603488,26
603500,26
603507,26
603556,26
603617,26
603626,26
603638,26
603656,26
603667,26
603690,26
603698,26
603699,26
603726,26
603757,26
603789,26
603819,26
603855,26
603856,26
603901,26
603912,26
603960,26
603966,26
603985,26
000400,27
000551,27
000585,27
000682,27
000806,27
000862,27
000922,27
002028,27
002074,27
002112,27
002121,27
002129,27
002168,27
002169,27
002202,27
002212,27
002218,27
002227,27
002266,27
002276,27
002298,27
002300,27
002322,27
002323,27
002334,27
002339,27
002350,27
002356,27
002358,27
002364,27
002441,27
002451,27
002452,27
002471,27
002487,27
002498,27
002506,27
002531,27
002533,27
002560,27
002576,27
002580,27
002606,27
002610,27
002617,27
002622,27
002665,27
002692,27
002706,27
002729,27
002730,27
002851,27
002879,27
002882,27
002885,27
002892,27
002927,27
300001,27
300018,27
300040,27
300048,27
300062,27
300068,27
300069,27
300080,27
300091,27
300111,27
300118,27
300120,27
300125,27
300129,27
300140,27
300141,27
300152,27
300153,27
300185,27
300208,27
300215,27
300222,27
300265,27
300274,27
300283,27
300286,27
300341,27
300372,27
300376,27
300393,27
300407,27
300423,27
300427,27
300443,27
300444,27
300477,27
300484,27
300490,27
300510,27
300617,27
300626,27
300670,27
300693,27
300713,27
600089,27
600112,27
600151,27
600163,27
600192,27
600202,27
600268,27
600290,27
600312,27
600379,27
600406,27
600416,27
600468,27
600475,27
600517,27
600537,27
600550,27
600577,27
600580,27
600847,27
600869,27
600875,27
600885,27
600973,27
601012,27
601126,27
601179,27
601218,27
601222,27
601558,27
601567,27
601616,27
601700,27
601727,27
601877,27
601908,27
603016,27
603050,27
603063,27
603218,27
603320,27
603333,27
603396,27
603577,27
603606,27
603618,27
603628,27
603728,27
603806,27
603829,27
603861,27
603988,27
000519,28
000547,28
000561,28
000738,28
000768,28
000901,28
002013,28
002025,28
002111,28
002151,28
002179,28
002190,28
002214,28
002338,28
002414,28
002465,28
002519,28
002520,28
300034,28
300045,28
300065,28
300101,28
300114,28
300252,28
300397,28
300447,28
300474,28
300527,28
300581,28
300696,28
300719,28
300722,28
600038,28
600118,28
600184,28
600316,28
600343,28
600372,28
600391,28
600399,28
600435,28
600501,28
600562,28
600677,28
600685,28
600760,28
600765,28
600855,28
600862,28
600879,28
600893,28
600990,28
601989,28
000025,30
000030,30
000338,30
000550,30
000559,30
000572,30
000581,30
000589,30
000599,30
000622,30
000625,30
000678,30
000700,30
000710,30
000753,30
000757,30
000760,30
000800,30
000868,30
000887,30
000903,30
000913,30
000927,30
000951,30
000957,30
000980,30
000996,30
002031,30
002048,30
002085,30
002126,30
002213,30
002239,30
002265,30
002283,30
002284,30
002328,30
002355,30
002363,30
002434,30
002448,30
002454,30
002488,30
002510,30
002516,30
002536,30
002537,30
002553,30
002590,30
002592,30
002593,30
002594,30
002607,30
002625,30
002662,30
002664,30
002682,30
002684,30
002703,30
002708,30
002715,30
002725,30
002765,30
002863,30
002865,30
002920,30
002921,30
300100,30
300176,30
300201,30
300237,30
300258,30
300304,30
300375,30
300432,30
300473,30
300507,30
300580,30
300585,30
300611,30
300643,30
300644,30
300652,30
300680,30
300681,30
300695,30
300707,30
300733,30
600006,30
600066,30
600081,30
600093,30
600099,30
600104,30
600148,30
600166,30
600178,30
600182,30
600213,30
600218,30
600297,30
600303,30
600327,30
600335,30
600375,30
600418,30
600469,30
600480,30
600523,30
600579,30
600609,30
600623,30
600653,30
600656,30
600660,30
600676,30
600686,30
600698,30
600699,30
600741,30
600742,30
600818,30
600841,30
600877,30
600933,30
600960,30
600991,30
601058,30
601127,30
601238,30
601258,30
601311,30
601633,30
601689,30
601777,30
601799,30
601965,30
603006,30
603009,30
603023,30
603035,30
603037,30
603040,30
603089,30
603129,30
603158,30
603161,30
603166,30
603178,30
603179,30
603197,30
603239,30
603286,30
603305,30
603306,30
603335,30
603358,30
603377,30
603569,30
603586,30
603611,30
603655,30
603680,30
603701,30
603730,30
603758,30
603766,30
603767,30
603768,30
603776,30
603787,30
603788,30
603809,30
603895,30
603917,30
603922,30
603926,30
603997,30
000026,31
000151,31
000417,31
000419,31
000501,31
000516,31
000560,31
000564,31
000587,31
000626,31
000632,31
000679,31
000715,31
000759,31
000785,31
000861,31
000882,31
002024,31
002091,31
002127,31
002187,31
002251,31
002264,31
002277,31
002336,31
002344,31
002345,31
002419,31
002561,31
002574,31
002640,31
002697,31
002721,31
002731,31
002818,31
300413,31
600086,31
600120,31
600122,31
600241,31
600247,31
600250,31
600278,31
600280,31
600287,31
600306,31
600361,31
600415,31
600605,31
600612,31
600628,31
600631,31
600648,31
600655,31
600682,31
600693,31
600694,31
600697,31
600712,31
600723,31
600729,31
600735,31
600738,31
600755,31
600774,31
600778,31
600785,31
600790,31
600811,31
600814,31
600821,31
600822,31
600824,31
600826,31
600827,31
600828,31
600830,31
600838,31
600857,31
600858,31
600859,31
600861,31
600865,31
600891,31
600898,31
600981,31
601010,31
601086,31
601116,31
601366,31
601828,31
601933,31
603031,31
603101,31
603123,31
603214,31
603708,31
603900,31
000033,32
000428,32
000430,32
000524,32
000610,32
000613,32
000721,32
000796,32
000888,32
000978,32
002033,32
002059,32
002159,32
002186,32
002707,32
300144,32
300178,32
600054,32
600138,32
600258,32
600358,32
600593,32
600640,32
600706,32
600749,32
600754,32
601007,32
601888,32
603043,32
603099,32
603136,32
603199,32
603869,32
000016,33
000100,33
000333,33
000404,33
000418,33
000521,33
000527,33
000533,33
000541,33
000651,33
000801,33
000810,33
000921,33
002032,33
002035,33
002050,33
002076,33
002242,33
002260,33
002290,33
002403,33
002413,33
002418,33
002420,33
002429,33
002473,33
002508,33
002543,33
002614,33
002615,33
002668,33
002670,33
002676,33
002677,33
002705,33
002723,33
002759,33
002790,33
002860,33
300217,33
300247,33
300249,33
300272,33
300279,33
300317,33
300342,33
300475,33
300582,33
300625,33
300632,33
300650,33
600060,33
600261,33
600336,33
600482,33
600619,33
600651,33
600690,33
600839,33
600854,33
600870,33
600983,33
603303,33
603311,33
603355,33
603366,33
603515,33
603578,33
603677,33
603679,33
603685,33
603868,33
000611,34
000726,34
000779,34
000850,34
000955,34
000982,34
002003,34
002029,34
002042,34
002083,34
002087,34
002098,34
002144,34
002154,34
002193,34
002269,34
002291,34
002293,34
002327,34
002394,34
002397,34
002404,34
002485,34
002486,34
002494,34
002503,34
002563,34
002569,34
002612,34
002634,34
002656,34
002674,34
002687,34
002699,34
002740,34
002761,34
002762,34
002763,34
002776,34
002780,34
002832,34
002867,34
002875,34
300005,34
300526,34
300577,34
300591,34
600107,34
600137,34
600146,34
600152,34
600156,34
600220,34
600232,34
600370,34
600398,34
600400,34
600439,34
600448,34
600493,34
600527,34
600626,34
600630,34
600689,34
600987,34
601339,34
601566,34
601718,34
603001,34
603055,34
603116,34
603157,34
603196,34
603238,34
603365,34
603477,34
603518,34
603555,34
603557,34
603558,34
603608,34
603665,34
603808,34
603839,34
603877,34
603889,34
603908,34
603958,34
000004,35
000028,35
000078,35
000150,35
000153,35
000403,35
000411,35
000423,35
000503,35
000513,35
000518,35
000522,35
000538,35
000566,35
000590,35
000597,35
000650,35
000661,35
000705,35
000739,35
000756,35
000766,35
000788,35
000790,35
000813,35
000908,35
000915,35
000919,35
000952,35
000963,35
000989,35
000999,35
002001,35
002007,35
002019,35
002020,35
002022,35
002030,35
002038,35
002044,35
002099,35
002107,35
002118,35
002166,35
002173,35
002198,35
002219,35
002223,35
002252,35
002262,35
002275,35
002287,35
002294,35
002317,35
002332,35
002349,35
002365,35
002370,35
002390,35
002393,35
002399,35
002412,35
002422,35
002424,35
002432,35
002433,35
002437,35
002462,35
002550,35
002551,35
002566,35
002589,35
002603,35
002644,35
002653,35
002675,35
002680,35
002688,35
002693,35
002727,35
002728,35
002737,35
002741,35
002750,35
002758,35
002773,35
002788,35
002817,35
002821,35
002826,35
002864,35
002872,35
002873,35
002880,35
002898,35
002900,35
002901,35
002907,35
002923,35
300003,35
300006,35
300009,35
300015,35
300016,35
300026,35
300030,35
300039,35
300049,35
300086,35
300109,35
300110,35
300122,35
300142,35
300147,35
300158,35
300181,35
300194,35
300199,35
300204,35
300206,35
300233,35
300238,35
300239,35
300244,35
300246,35
300254,35
300255,35
300267,35
300273,35
300289,35
300294,35
300298,35
300314,35
300318,35
300326,35
300347,35
300357,35
300358,35
300363,35
300396,35
300401,35
300404,35
300406,35
300412,35
300436,35
300439,35
300452,35
300453,35
300463,35
300482,35
300485,35
300497,35
300519,35
300529,35
300534,35
300558,35
300562,35
300573,35
300583,35
300584,35
300595,35
300601,35
300622,35
300630,35
300633,35
300636,35
300637,35
300639,35
300642,35
300653,35
300676,35
300677,35
300683,35
300685,35
300702,35
300705,35
300723,35
300725,35
600055,35
600056,35
600062,35
600079,35
600080,35
600085,35
600090,35
600129,35
600161,35
600196,35
600211,35
600216,35
600222,35
600252,35
600253,35
600267,35
600272,35
600276,35
600285,35
600329,35
600332,35
600351,35
600380,35
600420,35
600422,35
600436,35
600479,35
600488,35
600511,35
600513,35
600518,35
600521,35
600529,35
600530,35
600535,35
600557,35
600566,35
600572,35
600587,35
600594,35
600613,35
600645,35
600664,35
600671,35
600713,35
600721,35
600750,35
600763,35
600767,35
600771,35
600781,35
600789,35
600812,35
600829,35
600833,35
600851,35
600867,35
600976,35
600993,35
600998,35
601607,35
603079,35
603108,35
603127,35
603139,35
603168,35
603222,35
603229,35
603233,35
603309,35
603367,35
603368,35
603387,35
603456,35
603520,35
603538,35
603567,35
603579,35
603658,35
603669,35
603676,35
603707,35
603716,35
603718,35
603811,35
603858,35
603880,35
603882,35
603883,35
603896,35
603939,35
603963,35
603987,35
603998,35
000019,36
000529,36
000568,36
000596,36
000639,36
000716,36
000729,36
000752,36
000799,36
000848,36
000858,36
000860,36
000869,36
000895,36
000929,36
000995,36
002216,36
002304,36
002329,36
002330,36
002387,36
002461,36
002481,36
002495,36
002507,36
002515,36
002557,36
002568,36
002570,36
002582,36
002626,36
002646,36
002650,36
002661,36
002695,36
002696,36
002702,36
002719,36
002726,36
002732,36
002770,36
002820,36
002840,36
002847,36
002891,36
002910,36
300138,36
300143,36
300146,36
300741,36
600059,36
600073,36
600084,36
600132,36
600186,36
600197,36
600199,36
600238,36
600298,36
600300,36
600305,36
600365,36
600381,36
600419,36
600429,36
600519,36
600543,36
600559,36
600573,36
600597,36
600600,36
600616,36
600702,36
600779,36
600809,36
600866,36
600872,36
600873,36
600887,36
600929,36
601579,36
603020,36
603027,36
603156,36
603198,36
603288,36
603345,36
603369,36
603517,36
603536,36
603589,36
603696,36
603711,36
603777,36
603779,36
603866,36
603886,36
603919,36
000048,37
000061,37
000592,37
000663,37
000702,37
000713,37
000735,37
000798,37
000876,37
000893,37
000911,37
000930,37
000972,37
000998,37
002041,37
002069,37
002086,37
002100,37
002124,37
002157,37
002200,37
002220,37
002234,37
002240,37
002259,37
002286,37
002299,37
002311,37
002321,37
002385,37
002447,37
002458,37
002477,37
002505,37
002548,37
002567,37
002604,37
002631,37
002679,37
002714,37
002746,37
002772,37
002852,37
002868,37
300087,37
300094,37
300106,37
300119,37
300149,37
300175,37
300186,37
300189,37
300268,37
300313,37
300381,37
300498,37
300511,37
300673,37
600097,37
600108,37
600127,37
600189,37
600191,37
600195,37
600201,37
600251,37
600257,37
600265,37
600275,37
600313,37
600354,37
600359,37
600371,37
600438,37
600467,37
600506,37
600540,37
600598,37
600737,37
600962,37
600965,37
600975,37
600978,37
601118,37
601952,37
601996,37
603336,37
603363,37
603566,37
603609,37
603668,37
603818,37
000001,40
002142,40
002807,40
002839,40
600000,40
600015,40
600016,40
600036,40
600908,40
600919,40
600926,40
601009,40
601128,40
601166,40
601169,40
601229,40
601288,40
601328,40
601398,40
601818,40
601838,40
601939,40
601988,40
601997,40
601998,40
603323,40
000166,41
000415,41
000416,41
000562,41
000563,41
000617,41
000623,41
000627,41
000666,41
000686,41
000712,41
000728,41
000750,41
000776,41
000783,41
000987,41
002500,41
002673,41
002736,41
002797,41
002926,41
300023,41
600030,41
600053,41
600061,41
600109,41
600291,41
600318,41
600369,41
600599,41
600695,41
600705,41
600739,41
600816,41
600837,41
600901,41
600909,41
600958,41
600999,41
601099,41
601108,41
601198,41
601211,41
601318,41
601336,41
601375,41
601377,41
601555,41
601601,41
601628,41
601688,41
601788,41
601878,41
601881,41
601901,41
000002,42
000006,42
000007,42
000011,42
000014,42
000024,42
000029,42
000031,42
000036,42
000042,42
000043,42
000046,42
000056,42
000058,42
000062,42
000069,42
000402,42
000502,42
000505,42
000506,42
000514,42
000517,42
000526,42
000534,42
000537,42
000540,42
000558,42
000567,42
000573,42
000608,42
000609,42
000615,42
000616,42
000620,42
000631,42
000638,42
000656,42
000667,42
000668,42
000671,42
000691,42
000718,42
000732,42
000736,42
000797,42
000809,42
000838,42
000863,42
000897,42
000918,42
000926,42
000961,42
000965,42
000979,42
000981,42
001979,42
002016,42
002077,42
002133,42
002146,42
002147,42
002208,42
002244,42
002285,42
002305,42
300492,42
300675,42
300732,42
600007,42
600048,42
600052,42
600064,42
600067,42
600077,42
600094,42
600095,42
600113,42
600133,42
600158,42
600159,42
600162,42
600173,42
600177,42
600185,42
600208,42
600215,42
600223,42
600225,42
600239,42
600240,42
600246,42
600266,42
600322,42
600325,42
600340,42
600376,42
600383,42
600393,42
600463,42
600466,42
600503,42
600515,42
600533,42
600555,42
600556,42
600565,42
600568,42
600603,42
600604,42
600606,42
600620,42
600621,42
600622,42
600638,42
600639,42
600641,42
600647,42
600649,42
600657,42
600658,42
600663,42
600665,42
600675,42
600683,42
600684,42
600696,42
600708,42
600716,42
600724,42
600732,42
600733,42
600736,42
600743,42
600748,42
600773,42
600791,42
600807,42
600817,42
600823,42
600848,42
600890,42
600895,42
601155,42
601588,42
603357,42
603506,42
603778,42
603955,42
000022,50
000088,50
000089,50
000099,50
000429,50
000507,50
000520,50
000548,50
000557,50
000582,50
000594,50
000828,50
000886,50
000900,50
000905,50
000916,50
001965,50
002040,50
002120,50
002183,50
002210,50
002245,50
002320,50
002352,50
002357,50
002468,50
002492,50
002627,50
002711,50
002769,50
002800,50
002928,50
002930,50
300013,50
300240,50
300350,50
600004,50
600009,50
600012,50
600017,50
600018,50
600020,50
600026,50
600029,50
600033,50
600035,50
600057,50
600087,50
600106,50
600115,50
600119,50
600125,50
600153,50
600179,50
600180,50
600190,50
600221,50
600233,50
600269,50
600270,50
600279,50
600317,50
600350,50
600368,50
600377,50
600428,50
600548,50
600561,50
600575,50
600611,50
600650,50
600662,50
600692,50
600717,50
600751,50
600787,50
600794,50
600798,50
600834,50
600896,50
600897,50
601000,50
601006,50
601008,50
601018,50
601021,50
601107,50
601111,50
601188,50
601228,50
601326,50
601333,50
601518,50
601866,50
601872,50
601880,50
601919,50
603032,50
603056,50
603066,50
603069,50
603117,50
603128,50
603167,50
603223,50
603329,50
603535,50
603648,50
603813,50
603871,50
603885,50
000020,60
000021,60
000045,60
000049,60
000050,60
000413,60
000532,60
000536,60
000636,60
000670,60
000701,60
000725,60
000727,60
000733,60
000823,60
000970,60
000988,60
002005,60
002008,60
002036,60
002045,60
002049,60
002052,60
002055,60
002056,60
002079,60
002106,60
002119,60
002130,60
002134,60
002138,60
002139,60
002141,60
002156,60
002180,60
002185,60
002189,60
002197,60
002199,60
002217,60
002222,60
002236,60
002241,60
002273,60
002288,60
002289,60
002341,60
002351,60
002369,60
002371,60
002388,60
002389,60
002402,60
002415,60
002436,60
002449,60
002456,60
002463,60
002475,60
002484,60
002504,60
002527,60
002528,60
002579,60
002587,60
002600,60
002618,60
002636,60
002647,60
002654,60
002660,60
002681,60
002724,60
002733,60
002745,60
002782,60
002808,60
002815,60
002841,60
002845,60
002861,60
002876,60
002881,60
002888,60
002902,60
002913,60
002916,60
002922,60
002925,60
300007,60
300014,60
300028,60
300032,60
300046,60
300053,60
300077,60
300083,60
300088,60
300102,60
300115,60
300127,60
300128,60
300131,60
300139,60
300155,60
300162,60
300183,60
300184,60
300207,60
300219,60
300220,60
300223,60
300224,60
300227,60
300232,60
300241,60
300256,60
300269,60
300282,60
300296,60
300301,60
300303,60
300319,60
300323,60
300327,60
300331,60
300346,60
300356,60
300360,60
300373,60
300389,60
300390,60
300395,60
300408,60
300433,60
300438,60
300446,60
300460,60
300462,60
300476,60
300491,60
300493,60
300515,60
300516,60
300543,60
300545,60
300566,60
300602,60
300604,60
300613,60
300623,60
300647,60
300656,60
300657,60
300660,60
300661,60
300666,60
300667,60
300671,60
300672,60
300679,60
300686,60
300691,60
300708,60
300709,60
300726,60
300739,60
600071,60
600110,60
600171,60
600183,60
600203,60
600206,60
600237,60
600288,60
600353,60
600360,60
600363,60
600401,60
600460,60
600478,60
600525,60
600563,60
600584,60
600602,60
600654,60
600667,60
600703,60
600707,60
600747,60
600884,60
601231,60
603005,60
603160,60
603186,60
603228,60
603328,60
603380,60
603386,60
603501,60
603508,60
603595,60
603633,60
603659,60
603678,60
603688,60
603703,60
603738,60
603920,60
603933,60
603936,60
603986,60
603989,60
603996,60
000032,61
000063,61
000070,61
000586,61
000829,61
000836,61
000851,61
000889,61
000971,61
002017,61
002089,61
002093,61
002104,61
002115,61
002148,61
002161,61
002194,61
002231,61
002261,61
002281,61
002296,61
002309,61
002313,61
002316,61
002335,61
002359,61
002396,61
002416,61
002417,61
002446,61
002467,61
002491,61
002544,61
002547,61
002583,61
002792,61
002813,61
002848,61
002897,61
002908,61
002929,61
300017,61
300025,61
300038,61
300047,61
300050,61
300081,61
300134,61
300136,61
300205,61
300211,61
300213,61
300250,61
300264,61
300288,61
300292,61
300299,61
300310,61
300312,61
300322,61
300353,61
300366,61
300383,61
300394,61
300414,61
300502,61
300504,61
300531,61
300548,61
300555,61
300560,61
300563,61
300565,61
300570,61
300571,61
300578,61
300590,61
300593,61
300597,61
300603,61
300615,61
300620,61
300627,61
300628,61
300638,61
300689,61
300698,61
300710,61
300711,61
300731,61
300735,61
300736,61
600050,61
600105,61
600130,61
600198,61
600260,61
600289,61
600345,61
600355,61
600405,61
600462,61
600485,61
600487,61
600498,61
600522,61
600680,61
600745,61
600764,61
600775,61
600776,61
600797,61
600804,61
603003,61
603042,61
603083,61
603118,61
603322,61
603421,61
603516,61
603559,61
603602,61
603712,61
603803,61
000034,62
000066,62
000555,62
000662,62
000748,62
000938,62
000948,62
000977,62
000997,62
002063,62
002065,62
002072,62
002090,62
002152,62
002153,62
002177,62
002195,62
002230,62
002232,62
002253,62
002268,62
002279,62
002280,62
002306,62
002308,62
002312,62
002331,62
002362,62
002368,62
002373,62
002376,62
002380,62
002383,62
002401,62
002405,62
002410,62
002439,62
002474,62
002512,62
002518,62
002546,62
002577,62
002609,62
002635,62
002642,62
002649,62
002657,62
002766,62
002771,62
002777,62
002829,62
002835,62
002866,62
002869,62
002906,62
002912,62
300002,62
300010,62
300020,62
300033,62
300036,62
300042,62
300074,62
300075,62
300076,62
300078,62
300085,62
300096,62
300098,62
300130,62
300150,62
300157,62
300166,62
300167,62
300168,62
300170,62
300177,62
300182,62
300188,62
300191,62
300202,62
300209,62
300212,62
300229,62
300231,62
300235,62
300245,62
300248,62
300253,62
300270,62
300271,62
300275,62
300277,62
300287,62
300290,62
300297,62
300302,62
300311,62
300324,62
300330,62
300333,62
300339,62
300348,62
300352,62
300365,62
300367,62
300369,62
300377,62
300378,62
300379,62
300380,62
300386,62
300399,62
300419,62
300440,62
300448,62
300449,62
300451,62
300455,62
300458,62
300465,62
300468,62
300469,62
300479,62
300494,62
300496,62
300508,62
300513,62
300520,62
300523,62
300525,62
300532,62
300541,62
300542,62
300546,62
300550,62
300552,62
300556,62
300559,62
300561,62
300579,62
300588,62
300598,62
300605,62
300608,62
300609,62
300624,62
300634,62
300645,62
300659,62
300663,62
300678,62
300682,62
300687,62
300730,62
300738,62
600100,62
600271,62
600410,62
600446,62
600476,62
600536,62
600570,62
600571,62
600588,62
600601,62
600701,62
600718,62
600728,62
600734,62
600756,62
600845,62
600850,62
601360,62
601519,62
603019,62
603025,62
603039,62
603106,62
603138,62
603189,62
603232,62
603383,62
603496,62
603528,62
603636,62
603660,62
603859,62
603881,62
603890,62
603918,62
603990,62
000038,63
000156,63
000606,63
000607,63
000665,63
000673,63
000676,63
000681,63
000719,63
000793,63
000802,63
000835,63
000892,63
000917,63
002027,63
002071,63
002095,63
002103,63
002113,63
002123,63
002131,63
002137,63
002143,63
002174,63
002175,63
002181,63
002188,63
002238,63
002247,63
002292,63
002315,63
002343,63
002354,63
002400,63
002425,63
002445,63
002502,63
002517,63
002530,63
002555,63
002558,63
002599,63
002602,63
002624,63
002655,63
002712,63
002739,63
002858,63
002878,63
002889,63
002905,63
300027,63
300031,63
300051,63
300052,63
300058,63
300059,63
300063,63
300071,63
300079,63
300104,63
300113,63
300133,63
300148,63
300226,63
300242,63
300251,63
300291,63
300295,63
300315,63
300336,63
300359,63
300364,63
300392,63
300418,63
300426,63
300431,63
300467,63
300518,63
300528,63
300533,63
300612,63
300654,63
600037,63
600088,63
600136,63
600229,63
600242,63
600373,63
600386,63
600455,63
600551,63
600576,63
600633,63
600637,63
600652,63
600661,63
600715,63
600757,63
600825,63
600831,63
600880,63
600892,63
600936,63
600959,63
600977,63
600986,63
600996,63
601019,63
601098,63
601595,63
601599,63
601801,63
601811,63
601858,63
601900,63
601928,63
601929,63
601949,63
601999,63
603000,63
603096,63
603103,63
603258,63
603444,63
603533,63
603598,63
603721,63
603729,63
603825,63
603888,63
603999,63
000009,70
000158,70
000409,70
000504,70
000571,70
000652,70
000803,70
000812,70
000839,70
000881,70
000909,70
000931,70
002018,70
002638,70
002667,70
300280,70
300338,70
300635,70
300662,70
300688,70
600051,70
600070,70
600082,70
600128,70
600149,70
600175,70
600200,70
600207,70
600212,70
600234,70
600382,70
600510,70
600624,70
600634,70
600643,70
600668,70
600704,70
600730,70
600770,70
600784,70
600805,70
600832,70
601992,70
603060,70
603183,70
